run_id,model_id,fraction_code,seed,domain,sample_count,supported_map,all_class_map,macro_f1_at_0_5,micro_f1_at_0_5,macro_f1_at_source_v_threshold,micro_f1_at_source_v_threshold,source_v_threshold,binary_brier_score,macro_classwise_ece_15bin,mgrs_group_count,block_12km_count,country_count,quarter_count
week5-m0-f01-seed17,M0,01,17,I,3000,0.3413075482064428,0.30444188957004253,0.2811380723027735,0.4868658512131542,0.2737656448667072,0.4859397341524122,0.5499999999999999,0.130129049030562,0.1257093213183685,8,193,5,4
week5-m0-f01-seed17,M0,01,17,Finland,4000,0.25403526626629586,0.22684556066178344,0.20501367736475867,0.3908955962394854,0.19738033791405196,0.3856618951851414,0.5499999999999999,0.1746504338953143,0.19266726897103115,21,1012,1,4
week5-m0-f01-seed17,M0,01,17,Portugal,4000,0.27044511556328804,0.24856494145836544,0.19381182927562635,0.3640382147440468,0.18143915399544808,0.3520186979304105,0.5499999999999999,0.17535619378486555,0.18494350257741876,3,286,1,4
week5-m0-f01-seed17,M0,01,17,OOD,8000,0.26224019091479195,,,,,,0.5499999999999999,,,24,1298,2,4
week5-m0-f10-seed17,M0,10,17,I,3000,0.4660444886917974,0.4164015307628776,0.3947038873409477,0.579007593883283,0.3981521327394857,0.5775875094434652,0.44999999999999996,0.10380216484337859,0.08661728337138346,8,193,5,4
week5-m0-f10-seed17,M0,10,17,Finland,4000,0.32124579489063415,0.2857683370950977,0.2590644917277626,0.45851717276581017,0.27131927835600805,0.4653424544630347,0.44999999999999996,0.1178149154093159,0.13165077918333007,21,1012,1,4
week5-m0-f10-seed17,M0,10,17,Portugal,4000,0.3101347679275578,0.28434147308470353,0.23684890137605655,0.35133594004561747,0.2435183929477461,0.3591626308389314,0.44999999999999996,0.16297050370112057,0.15471166628590413,3,286,1,4
week5-m0-f10-seed17,M0,10,17,OOD,8000,0.31569028140909594,,,,,,0.44999999999999996,,,24,1298,2,4
week5-m0-f100-seed17,M0,100,17,I,3000,0.5914312862985905,0.5311812445641917,0.4734231924001805,0.6768870988696895,0.49311045127413244,0.6830147016096229,0.35,0.06430761493137278,0.03603825429243916,8,193,5,4
week5-m0-f100-seed17,M0,100,17,Finland,4000,0.38071054833436535,0.33917280540470074,0.29602700857033054,0.5610392320534223,0.31388473973598546,0.5649945075064079,0.35,0.08723515716390662,0.08740990937370999,21,1012,1,4
week5-m0-f100-seed17,M0,100,17,Portugal,4000,0.3474475240828975,0.3218792200787382,0.2558713711026238,0.31582403151674326,0.2836956426048923,0.35951247074017273,0.35,0.15009398168799587,0.137568856491512,3,286,1,4
week5-m0-f100-seed17,M0,100,17,OOD,8000,0.3640790362086314,,,,,,0.35,,,24,1298,2,4
week5-m1-f01-seed17,M1,01,17,I,3000,0.354233428005121,0.3373189611247518,0.3526170349682504,0.5075233834892232,0.34877956296911405,0.5157778187857538,0.7,0.16407393474969476,0.16688112051772433,8,193,5,4
week5-m1-f01-seed17,M1,01,17,Finland,4000,0.27848497217038404,0.2477388749266016,0.24465090112943255,0.41410361717015,0.23438259907482703,0.40832959215388337,0.7,0.198055867164358,0.2173728847328883,21,1012,1,4
week5-m1-f01-seed17,M1,01,17,Portugal,4000,0.2965349640019025,0.2880320957757908,0.28101039835253167,0.38662569274814174,0.2725419543522219,0.37864193126412177,0.7,0.2468356455227938,0.26336205792780537,3,286,1,4
week5-m1-f01-seed17,M1,01,17,OOD,8000,0.28750996808614326,,,,,,0.7,,,24,1298,2,4
week5-m1-f10-seed17,M1,10,17,I,3000,0.4898771178501664,0.4547745522663498,0.411230958218195,0.589640557053999,0.3913001847458689,0.585362976941676,0.6,0.09612781073219881,0.08018358489999294,8,193,5,4
week5-m1-f10-seed17,M1,10,17,Finland,4000,0.37563338372799837,0.33437974247112584,0.24679353956481778,0.44680851063829785,0.2376562586776636,0.433717834960071,0.6,0.13469643207219922,0.15057608628544328,21,1012,1,4
week5-m1-f10-seed17,M1,10,17,Portugal,4000,0.3655181504366369,0.3459305564050969,0.2944120533452937,0.37983662084080494,0.27819716326081584,0.3689462997364669,0.6,0.16045017197043934,0.1545414783347844,3,286,1,4
week5-m1-f10-seed17,M1,10,17,OOD,8000,0.37057576708231765,,,,,,0.6,,,24,1298,2,4
week5-m1-f100-seed17,M1,100,17,I,3000,0.5687030250598065,0.5114095906753536,0.4484619990452578,0.643069798213695,0.47398398935658087,0.6472840259668202,0.3,0.06955387690359002,0.04406457675336308,8,193,5,4
week5-m1-f100-seed17,M1,100,17,Finland,4000,0.39067130885025103,0.3479750316313883,0.28447056002363635,0.5606952621250351,0.3243500103745341,0.5914042204092794,0.3,0.07783554662633424,0.07705110396427699,21,1012,1,4
week5-m1-f100-seed17,M1,100,17,Portugal,4000,0.37618975137330196,0.3493476459051941,0.25625850347683,0.2879255495940364,0.29974065832923347,0.358641998568145,0.3,0.15098175497924762,0.14223794486540084,3,286,1,4
week5-m1-f100-seed17,M1,100,17,OOD,8000,0.3834305301117765,,,,,,0.3,,,24,1298,2,4
week5-m2-f01-seed17,M2,01,17,I,3000,0.3109135787049099,0.2772661944733416,0.2725318993014516,0.46662963991483847,0.2696336074696068,0.4647532240861049,0.5499999999999999,0.13891123114886708,0.1318067665445158,8,193,5,4
week5-m2-f01-seed17,M2,01,17,Finland,4000,0.21587718145933402,0.1922427117383515,0.1830916489579525,0.37141738170683947,0.18002216447625227,0.37136983741356755,0.5499999999999999,0.16581502278813717,0.18466266763161088,21,1012,1,4
week5-m2-f01-seed17,M2,01,17,Portugal,4000,0.2536989560179892,0.23690335719111383,0.2130617609971323,0.38632422705709146,0.20777869955514988,0.3815416522640857,0.5499999999999999,0.1772220133112926,0.1844466806021831,3,286,1,4
week5-m2-f01-seed17,M2,01,17,OOD,8000,0.2347880687386616,,,,,,0.5499999999999999,,,24,1298,2,4
week5-m2-f10-seed17,M2,10,17,I,3000,0.36560023829601274,0.3259831819849946,0.30244870872131124,0.49849267872523684,0.3277212036798287,0.5040328155966263,0.35,0.11172647996478415,0.09311538427887933,8,193,5,4
week5-m2-f10-seed17,M2,10,17,Finland,4000,0.24562826165854323,0.2189058028912098,0.17783084326103027,0.3163773706203793,0.2084562837913334,0.36528629856850714,0.35,0.14787716388678204,0.18017003680321522,21,1012,1,4
week5-m2-f10-seed17,M2,10,17,Portugal,4000,0.2861701715163936,0.2642793936490733,0.20584667445819083,0.3716517857142857,0.22899258852142365,0.3867471185460852,0.35,0.14702429500848074,0.13912747521128577,3,286,1,4
week5-m2-f10-seed17,M2,10,17,OOD,8000,0.2658992165874684,,,,,,0.35,,,24,1298,2,4
week5-m2-f100-seed17,M2,100,17,I,3000,0.5082405564583746,0.45351873955092104,0.4051633516399119,0.620591286307054,0.4207375901477619,0.6224495531448485,0.35,0.07591842644738818,0.046801296530985505,8,193,5,4
week5-m2-f100-seed17,M2,100,17,Finland,4000,0.30373366251620926,0.2704446430889702,0.23706338374272282,0.4082566366973453,0.25811233472767153,0.4458468512510555,0.35,0.11129974527255536,0.11752126721097449,21,1012,1,4
week5-m2-f100-seed17,M2,100,17,Portugal,4000,0.28916623100432876,0.2703314047639907,0.22269105932893218,0.27941308043303215,0.25204552699321775,0.33293278257604203,0.35,0.1599790398708121,0.15126161622372766,3,286,1,4
week5-m2-f100-seed17,M2,100,17,OOD,8000,0.29644994676026903,,,,,,0.35,,,24,1298,2,4
week5-m3-f01-seed17,M3,01,17,I,3000,0.29984963110601515,0.26992196656428424,0.31479749416269104,0.465359477124183,0.30955158142935696,0.4684042597273443,0.6,0.19761646330255417,0.2003166765767861,8,193,5,4
week5-m3-f01-seed17,M3,01,17,Finland,4000,0.2658892512701562,0.23677551786491227,0.1917024339685948,0.31333506291347774,0.19196242886252624,0.3106908398244838,0.6,0.23784286828186124,0.2523948056418004,21,1012,1,4
week5-m3-f01-seed17,M3,01,17,Portugal,4000,0.2693915156225354,0.24887585141390253,0.2438992322046288,0.35878781248290575,0.2351931126816143,0.3575614801195128,0.6,0.2591353179839128,0.2677127917611015,3,286,1,4
week5-m3-f01-seed17,M3,01,17,OOD,8000,0.2676403834463458,,,,,,0.6,,,24,1298,2,4
week5-m3-f10-seed17,M3,10,17,I,3000,0.395384453708155,0.35254029876396276,0.34977698591596557,0.5465361948181919,0.3522152732302421,0.5439335002930676,0.44999999999999996,0.10456935213382057,0.08470710691813649,8,193,5,4
week5-m3-f10-seed17,M3,10,17,Finland,4000,0.2826022574186769,0.2518227091284663,0.23132415304675635,0.39209918050010506,0.2366510459838499,0.3986742802379907,0.44999999999999996,0.13764180307583215,0.15730730265154103,21,1012,1,4
week5-m3-f10-seed17,M3,10,17,Portugal,4000,0.30004911211185553,0.275202111431316,0.23761245517858484,0.368015873015873,0.24570551752220035,0.3773900482761242,0.44999999999999996,0.1606613258879944,0.15269753109006998,3,286,1,4
week5-m3-f10-seed17,M3,10,17,OOD,8000,0.2913256847652662,,,,,,0.44999999999999996,,,24,1298,2,4
week5-m3-f100-seed17,M3,100,17,I,3000,0.5679055159725996,0.5142895932394645,0.46811396010970024,0.6690222279326737,0.47999528619773735,0.6698242410408582,0.35,0.06696767388589751,0.039456668162018184,8,193,5,4
week5-m3-f100-seed17,M3,100,17,Finland,4000,0.36844588106916,0.32838300953330807,0.29216688547512665,0.5621174870534079,0.31394401933184196,0.5747449557923373,0.35,0.08468912600627093,0.08765985684828168,21,1012,1,4
week5-m3-f100-seed17,M3,100,17,Portugal,4000,0.34672521455421723,0.32737698650093633,0.26443642236890136,0.3287217906880544,0.2882129900631725,0.36754025892011366,0.35,0.1502386198966292,0.13897287826171753,3,286,1,4
week5-m3-f100-seed17,M3,100,17,OOD,8000,0.3575855478116886,,,,,,0.35,,,24,1298,2,4
week5-m4-f01-seed17,M4,01,17,I,3000,0.31478795478815336,0.28160706957681914,0.29931118051973804,0.47676353859941106,0.289588282622436,0.4756217969815224,0.65,0.1643617811760407,0.16308436853488137,8,193,5,4
week5-m4-f01-seed17,M4,01,17,Finland,4000,0.24930169176515832,0.22206284895461892,0.21265707538086184,0.39403305159581176,0.20534407269291557,0.408295389869095,0.65,0.19609640767528386,0.21957553101657512,21,1012,1,4
week5-m4-f01-seed17,M4,01,17,Portugal,4000,0.2549841069406627,0.23894450752611124,0.2239290697010831,0.35039781403198583,0.21224677755793855,0.34309248813680726,0.65,0.25404382823210514,0.2664889586582015,3,286,1,4
week5-m4-f01-seed17,M4,01,17,OOD,8000,0.2521428993529105,,,,,,0.65,,,24,1298,2,4
week5-m4-f10-seed17,M4,10,17,I,3000,0.4096623634038834,0.365887483494254,0.3609857681463507,0.5615245605388532,0.36319245485913465,0.5586807911078641,0.44999999999999996,0.10402891941490515,0.08321326925331869,8,193,5,4
week5-m4-f10-seed17,M4,10,17,Finland,4000,0.25693934136372093,0.23065764053702065,0.18830211340901717,0.3536504240811575,0.1936175374863433,0.36199842643587726,0.44999999999999996,0.15206393029359375,0.17814831334679582,21,1012,1,4
week5-m4-f10-seed17,M4,10,17,Portugal,4000,0.29562530180239166,0.2722597047692894,0.22383857054050876,0.374338238359248,0.23138870306742404,0.3846491053281792,0.44999999999999996,0.15340719795241797,0.14315151694513856,3,286,1,4
week5-m4-f10-seed17,M4,10,17,OOD,8000,0.2762823215830563,,,,,,0.44999999999999996,,,24,1298,2,4
week5-m4-f100-seed17,M4,100,17,I,3000,0.5644571957528193,0.5072283591993564,0.4563299077754209,0.6635850025680534,0.4674089929546217,0.6669435708775886,0.39999999999999997,0.06734809506865633,0.03901227086009905,8,193,5,4
week5-m4-f100-seed17,M4,100,17,Finland,4000,0.36456778495384107,0.3254997790493669,0.28630491010218306,0.5664048644540157,0.30251818107200673,0.5748271092669432,0.39999999999999997,0.08545764600157553,0.08811204807994005,21,1012,1,4
week5-m4-f100-seed17,M4,100,17,Portugal,4000,0.34080069036884036,0.31441780584371254,0.25878948831246457,0.3284654929257086,0.27628084935985475,0.3540385488464237,0.39999999999999997,0.15052896505692004,0.1388329646370766,3,286,1,4
week5-m4-f100-seed17,M4,100,17,OOD,8000,0.3526842376613407,,,,,,0.39999999999999997,,,24,1298,2,4
week6-m0-f05-seed17,M0,05,17,I,3000,0.42884167842799925,0.3832942870251723,0.37182025774508026,0.5569946900898218,0.36516326955001055,0.5580890336590663,0.5499999999999999,0.11290316914777009,0.09986031947251925,8,193,5,4
week6-m0-f05-seed17,M0,05,17,Finland,4000,0.3097511483878397,0.2757680379085156,0.24437569575647455,0.4257421732615123,0.24042764760799107,0.4239005000641108,0.5499999999999999,0.13454482031442214,0.15902521975828735,21,1012,1,4
week6-m0-f05-seed17,M0,05,17,Portugal,4000,0.30864940132103147,0.28425888191986276,0.24048790353208394,0.38752540253243706,0.2320291114202897,0.3779444127475752,0.5499999999999999,0.15786568687491673,0.15043781230179282,3,286,1,4
week6-m0-f05-seed17,M0,05,17,OOD,8000,0.3092002748544356,,,,,,0.5499999999999999,,,24,1298,2,4
week6-m0-f25-seed17,M0,25,17,I,3000,0.5209009758993355,0.4656644825561578,0.4175358501422288,0.6097474208466738,0.4197017578591325,0.607227823722669,0.44999999999999996,0.08294203551223145,0.06282021161910757,8,193,5,4
week6-m0-f25-seed17,M0,25,17,Finland,4000,0.3700186890039585,0.32966253522305916,0.256880033898227,0.4591918383676735,0.26301476075736285,0.4644558705599321,0.44999999999999996,0.10356802318056045,0.11502682778648908,21,1012,1,4
week6-m0-f25-seed17,M0,25,17,Portugal,4000,0.3252088025045898,0.3013854703506508,0.26637125342712303,0.3584241000931287,0.27211942477527473,0.3662145975812372,0.44999999999999996,0.16055305803314535,0.14766160655927438,3,286,1,4
week6-m0-f25-seed17,M0,25,17,OOD,8000,0.3476137457542742,,,,,,0.44999999999999996,,,24,1298,2,4
week6-m0-f50-seed17,M0,50,17,I,3000,0.5444843312870097,0.48813669601469567,0.44104279192226314,0.6590247227213581,0.4475393813377081,0.659016197477736,0.44999999999999996,0.07126299353937392,0.045898680520504255,8,193,5,4
week6-m0-f50-seed17,M0,50,17,Finland,4000,0.38043083371039105,0.3385816644052728,0.3102917328179058,0.5470637959325743,0.3174197041241175,0.550374648021763,0.44999999999999996,0.092141478495025,0.09305244318563012,21,1012,1,4
week6-m0-f50-seed17,M0,50,17,Portugal,4000,0.3513211070855089,0.3187675259598974,0.28678045587946827,0.3695021848327684,0.2916620041789356,0.37720668645524136,0.44999999999999996,0.15862613820663654,0.14745106548192233,3,286,1,4
week6-m0-f50-seed17,M0,50,17,OOD,8000,0.36587597039794995,,,,,,0.44999999999999996,,,24,1298,2,4
week6-m1-f05-seed17,M1,05,17,I,3000,0.4789073935268138,0.44220255961050625,0.41779609434113646,0.5940634387251158,0.39687116502346553,0.594969256567915,0.7,0.11253006745264885,0.10296920330858104,8,193,5,4
week6-m1-f05-seed17,M1,05,17,Finland,4000,0.30575212938409035,0.27232716624492237,0.25432004320846147,0.43801360437227227,0.24610283624885898,0.4362745098039216,0.7,0.15046546759687768,0.16474528968612812,21,1012,1,4
week6-m1-f05-seed17,M1,05,17,Portugal,4000,0.3284356612980184,0.31427204564385514,0.2824056323453381,0.4096517485580784,0.2616763383504139,0.39794461889808735,0.7,0.17635360024103147,0.17354371518460646,3,286,1,4
week6-m1-f05-seed17,M1,05,17,OOD,8000,0.31709389534105437,,,,,,0.7,,,24,1298,2,4
week6-m1-f25-seed17,M1,25,17,I,3000,0.5535509589832952,0.5083040122327479,0.44843680208841985,0.6355785837651122,0.44989891346010924,0.63261231281198,0.44999999999999996,0.0804025940689504,0.060471066558442685,8,193,5,4
week6-m1-f25-seed17,M1,25,17,Finland,4000,0.37027636780577117,0.3320800320404903,0.28110182010540186,0.5106218617226729,0.28501091407719936,0.5109232829892384,0.44999999999999996,0.10039898780913342,0.10885465114569289,21,1012,1,4
week6-m1-f25-seed17,M1,25,17,Portugal,4000,0.3578609900145221,0.341495206205584,0.28009784298056456,0.36680560818491853,0.2864981717746829,0.37736907480867093,0.44999999999999996,0.14932353341570268,0.13688206679485795,3,286,1,4
week6-m1-f25-seed17,M1,25,17,OOD,8000,0.3640686789101466,,,,,,0.44999999999999996,,,24,1298,2,4
week6-m1-f50-seed17,M1,50,17,I,3000,0.5673656467308741,0.5310262513931806,0.4686353421864456,0.6532118830743585,0.4717093905846166,0.6514122681883024,0.39999999999999997,0.08009309200163112,0.06776741042512019,8,193,5,4
week6-m1-f50-seed17,M1,50,17,Finland,4000,0.36807954772204515,0.3274873432916456,0.2847572225997134,0.5018688569978312,0.29145796133659974,0.505458038599249,0.39999999999999997,0.11304972324178753,0.11856755395336271,21,1012,1,4
week6-m1-f50-seed17,M1,50,17,Portugal,4000,0.3685903086740546,0.342071934959462,0.2909173325953458,0.4010716570697377,0.2964492417824294,0.4123454929152849,0.39999999999999997,0.16225143698342698,0.1569228276324009,3,286,1,4
week6-m1-f50-seed17,M1,50,17,OOD,8000,0.3683349281980499,,,,,,0.39999999999999997,,,24,1298,2,4
week6-m1rgb-f10-seed17,M1RGB,10,17,I,3000,0.4881145522628549,0.455931411250732,0.37752346085018584,0.5976973684210526,0.3832540618618628,0.5956751054852321,0.44999999999999996,0.09373830350010644,0.07646214114605661,8,193,5,4
week6-m1rgb-f10-seed17,M1RGB,10,17,Finland,4000,0.3052643986433803,0.2719658028531653,0.22015592838324827,0.4112601514736746,0.22383908848377956,0.41585195530726254,0.44999999999999996,0.1287121677688128,0.14810303572634892,21,1012,1,4
week6-m1rgb-f10-seed17,M1RGB,10,17,Portugal,4000,0.3135959750346912,0.2996086618086493,0.23485157385497338,0.3796758583608572,0.244002018430252,0.38589913248051755,0.44999999999999996,0.1636427161339702,0.15961405761415665,3,286,1,4
week6-m1rgb-f10-seed17,M1RGB,10,17,OOD,8000,0.3094301868390358,,,,,,0.44999999999999996,,,24,1298,2,4
week6-m2-f05-seed17,M2,05,17,I,3000,0.3446516528071659,0.30838368642911246,0.3107577543428095,0.47614538951133556,0.32001360674093504,0.48826291079812206,0.39999999999999997,0.12405258075529127,0.10746587713848181,8,193,5,4
week6-m2-f05-seed17,M2,05,17,Finland,4000,0.22626413209916457,0.20166789991535497,0.15628368973539652,0.2830333205668326,0.1668243065597016,0.2996032430567535,0.39999999999999997,0.1781780001399917,0.20623244867522209,21,1012,1,4
week6-m2-f05-seed17,M2,05,17,Portugal,4000,0.2709620833015809,0.24726029218878062,0.19944268139627044,0.36382296343810133,0.21760216476577732,0.37492231199502796,0.39999999999999997,0.15273240855783593,0.1457714243915488,3,286,1,4
week6-m2-f05-seed17,M2,05,17,OOD,8000,0.24861310770037273,,,,,,0.39999999999999997,,,24,1298,2,4
week6-m2-f25-seed17,M2,25,17,I,3000,0.431659844032258,0.3861907415457203,0.3569634789966786,0.563000852514919,0.36508057146930256,0.5534341920827492,0.35,0.09645708047797295,0.07584455169800715,8,193,5,4
week6-m2-f25-seed17,M2,25,17,Finland,4000,0.298402629864283,0.2657129626461441,0.21977654472411498,0.40962727102453644,0.24500678822283378,0.4549840479340129,0.35,0.11826292670757041,0.1291244060041446,21,1012,1,4
week6-m2-f25-seed17,M2,25,17,Portugal,4000,0.27456568974372425,0.25676783557139465,0.20349854799277126,0.30118384401114207,0.23448346362899264,0.3439979335030813,0.35,0.159762669567802,0.14871409081468223,3,286,1,4
week6-m2-f25-seed17,M2,25,17,OOD,8000,0.28648415980400366,,,,,,0.35,,,24,1298,2,4
week6-m2-f50-seed17,M2,50,17,I,3000,0.4835146054339026,0.43175286481384656,0.38519450766144847,0.6031607765057242,0.3998093691938017,0.5901887554254568,0.3,0.0824268807001939,0.05709116571614916,8,193,5,4
week6-m2-f50-seed17,M2,50,17,Finland,4000,0.30756210295615527,0.27383035450060483,0.23035327160321828,0.398860999789074,0.2558117665402923,0.4385855304260902,0.3,0.11247216304217782,0.11894663972991616,21,1012,1,4
week6-m2-f50-seed17,M2,50,17,Portugal,4000,0.2935832335355275,0.2728995874692403,0.2221584279897387,0.31143278148565484,0.25512656122812577,0.3643173306094654,0.3,0.15669002997173534,0.14834041389118344,3,286,1,4
week6-m2-f50-seed17,M2,50,17,OOD,8000,0.3005726682458414,,,,,,0.3,,,24,1298,2,4
week6-m3-f05-seed17,M3,05,17,I,3000,0.34990397276980706,0.3126867433940873,0.3303021805212407,0.5134099616858238,0.3303021805212407,0.5134099616858238,0.49999999999999994,0.12718589670167849,0.11483409682742265,8,193,5,4
week6-m3-f05-seed17,M3,05,17,Finland,4000,0.2847046906474286,0.25373028387879937,0.2338022414699643,0.4137290642088248,0.2338022414699643,0.4137290642088248,0.49999999999999994,0.163236537709072,0.19022966949544742,21,1012,1,4
week6-m3-f05-seed17,M3,05,17,Portugal,4000,0.28549678516921606,0.26227446694545953,0.23447014586601406,0.3732234809474768,0.23447014586601406,0.3732234809474768,0.49999999999999994,0.1804533911067177,0.18091421650995657,3,286,1,4
week6-m3-f05-seed17,M3,05,17,OOD,8000,0.28510073790832235,,,,,,0.49999999999999994,,,24,1298,2,4
week6-m3-f25-seed17,M3,25,17,I,3000,0.4878375593786788,0.43528783041812025,0.4003740580478745,0.6077124494168056,0.40706558071084215,0.6044886146453339,0.39999999999999997,0.08462512631762842,0.062064341482158704,8,193,5,4
week6-m3-f25-seed17,M3,25,17,Finland,4000,0.36202141795398785,0.3221664640944107,0.26672241492160387,0.45377242565740966,0.27794639944615906,0.46025468295014993,0.39999999999999997,0.10768852613159663,0.11994302876806269,21,1012,1,4
week6-m3-f25-seed17,M3,25,17,Portugal,4000,0.3203121242043286,0.29698363272247474,0.2548865633108588,0.3436372581174155,0.2668166520133569,0.36600127814743805,0.39999999999999997,0.16025449090132834,0.14920908627079923,3,286,1,4
week6-m3-f25-seed17,M3,25,17,OOD,8000,0.3411667710791582,,,,,,0.39999999999999997,,,24,1298,2,4
week6-m3-f50-seed17,M3,50,17,I,3000,0.529353135436225,0.4729993099385926,0.44111789661865497,0.6508093414061534,0.4486983944275706,0.647788013192312,0.39999999999999997,0.07467845974417997,0.049553871913429595,8,193,5,4
week6-m3-f50-seed17,M3,50,17,Finland,4000,0.3665647569967587,0.3280306104872317,0.28732934326095333,0.5242083758937691,0.3009829548238565,0.5322173384457122,0.39999999999999997,0.09259561242022726,0.09756818467493346,21,1012,1,4
week6-m3-f50-seed17,M3,50,17,Portugal,4000,0.33097170362344663,0.30832232215264826,0.26414046788715967,0.34861439312567133,0.27722761205475954,0.3713411284626854,0.39999999999999997,0.15462912752328856,0.14078802195102577,3,286,1,4
week6-m3-f50-seed17,M3,50,17,OOD,8000,0.3487682303101027,,,,,,0.39999999999999997,,,24,1298,2,4
week6-m4-f05-seed17,M4,05,17,I,3000,0.3638784920322773,0.32700247632851487,0.33494902490059647,0.5115318085719777,0.33494902490059647,0.5115318085719777,0.49999999999999994,0.13183611858948807,0.1223058064206299,8,193,5,4
week6-m4-f05-seed17,M4,05,17,Finland,4000,0.2628255981063411,0.2344964964827437,0.20952953683332307,0.3586798433712474,0.20952953683332307,0.3586798433712474,0.49999999999999994,0.16935559340647008,0.19378704212575606,21,1012,1,4
week6-m4-f05-seed17,M4,05,17,Portugal,4000,0.2807957480534832,0.26373176378246943,0.22435204097018738,0.3365308749636643,0.22435204097018738,0.3365308749636643,0.49999999999999994,0.1673292595301342,0.16257438128158305,3,286,1,4
week6-m4-f05-seed17,M4,05,17,OOD,8000,0.27181067307991214,,,,,,0.49999999999999994,,,24,1298,2,4
week6-m4-f25-seed17,M4,25,17,I,3000,0.4908012960101811,0.4389696145379863,0.3966840171873771,0.6067669620027353,0.4012296368427895,0.605404792929579,0.44999999999999996,0.08433405488654251,0.0602766324593223,8,193,5,4
week6-m4-f25-seed17,M4,25,17,Finland,4000,0.34170126680320956,0.31119323122514336,0.25362159837068265,0.47430448222565685,0.2588934612891663,0.4787701317715959,0.44999999999999996,0.1086069473029884,0.12009205009136048,21,1012,1,4
week6-m4-f25-seed17,M4,25,17,Portugal,4000,0.3153158277228742,0.29487499270717027,0.24388422698728143,0.35400075053162655,0.2496181506628212,0.3635497698047309,0.44999999999999996,0.15631413075462966,0.14730624920513744,3,286,1,4
week6-m4-f25-seed17,M4,25,17,OOD,8000,0.3285085472630419,,,,,,0.44999999999999996,,,24,1298,2,4
week6-m4-f50-seed17,M4,50,17,I,3000,0.5353587657336927,0.47983417790928545,0.44155573529382086,0.6576661041315082,0.4472277351941354,0.6576381365113759,0.44999999999999996,0.07158715693936016,0.04625447455184584,8,193,5,4
week6-m4-f50-seed17,M4,50,17,Finland,4000,0.34447914150334347,0.30734595976024315,0.2597330762351152,0.5203918432626949,0.26792372610521326,0.5261602973410845,0.44999999999999996,0.0944639656822043,0.10076152339610289,21,1012,1,4
week6-m4-f50-seed17,M4,50,17,Portugal,4000,0.34590182976319894,0.32494115488569736,0.25849257455956803,0.3538038496791934,0.26791546763632534,0.3663498415874604,0.44999999999999996,0.149808588289703,0.1388545625971224,3,286,1,4
week6-m4-f50-seed17,M4,50,17,OOD,8000,0.3451904856332712,,,,,,0.44999999999999996,,,24,1298,2,4
week7-m5-f01-seed17,M5,01,17,I,3000,0.38649392927822085,0.35376652063014713,0.34595808253855814,0.5166446934739618,0.3251698743501025,0.5234468937875751,0.7999999999999999,0.16152867616779015,0.16361935172123876,8,193,5,4
week7-m5-f01-seed17,M5,01,17,Finland,4000,0.3044598268342319,0.270843445280988,0.24870632656820943,0.43292367399741266,0.23497338171945456,0.43589112969339233,0.7999999999999999,0.18023802291084623,0.19855549884545462,21,1012,1,4
week7-m5-f01-seed17,M5,01,17,Portugal,4000,0.2808255305125326,0.2631068726447946,0.24405374389713527,0.40024378081888196,0.2272986302894642,0.38685979624367595,0.7999999999999999,0.22844936453057604,0.2396806330751897,3,286,1,4
week7-m5-f01-seed17,M5,01,17,OOD,8000,0.29264267867338223,,,,,,0.7999999999999999,,,24,1298,2,4
week7-m5-f10-seed17,M5,10,17,I,3000,0.5138016642017915,0.4653817119510535,0.4007647587745956,0.6168456755228943,0.4007647587745956,0.6168456755228943,0.49999999999999994,0.0864835380172748,0.0669877331782095,8,193,5,4
week7-m5-f10-seed17,M5,10,17,Finland,4000,0.32796380280854354,0.29178718472598736,0.23001029286623634,0.44594532081232363,0.23001029286623634,0.44594532081232363,0.49999999999999994,0.11793429845309873,0.1280193351513589,21,1012,1,4
week7-m5-f10-seed17,M5,10,17,Portugal,4000,0.330375368702005,0.30145453587261967,0.2551617809698734,0.3818722139673105,0.2551617809698734,0.3818722139673105,0.49999999999999994,0.1508367491572323,0.1376844147937758,3,286,1,4
week7-m5-f10-seed17,M5,10,17,OOD,8000,0.3291695857552743,,,,,,0.49999999999999994,,,24,1298,2,4
week7-m5-f100-seed17,M5,100,17,I,3000,0.630349000566158,0.5742860832297896,0.46552406201063257,0.6755807671528903,0.5001383854114738,0.6882142444880527,0.3,0.06168231065732122,0.0364746170864365,8,193,5,4
week7-m5-f100-seed17,M5,100,17,Finland,4000,0.38202260181638936,0.3409714149521009,0.27860221500219395,0.45096322241681264,0.30598116692422156,0.4924932743209234,0.3,0.0998716941289708,0.1083247324175044,21,1012,1,4
week7-m5-f100-seed17,M5,100,17,Portugal,4000,0.3843823236846087,0.3663981085149503,0.2566966005363836,0.36900260275990765,0.3038344720710367,0.43551630327642626,0.3,0.1307867856462836,0.10979954754732953,3,286,1,4
week7-m5-f100-seed17,M5,100,17,OOD,8000,0.383202462750499,,,,,,0.3,,,24,1298,2,4
week7-m6-f01-seed17,M6,01,17,I,3000,0.44415178683734663,0.40229820521883275,0.3758524003809628,0.5557162300102075,0.3511825739355428,0.5651659377411886,0.7,0.13086013576419325,0.1426138685087822,8,193,5,4
week7-m6-f01-seed17,M6,01,17,Finland,4000,0.3585548133689621,0.31954504897642627,0.27827687422756453,0.46740208602603023,0.24960259316855535,0.469237012987013,0.7,0.14912359953977258,0.18160972473667447,21,1012,1,4
week7-m6-f01-seed17,M6,01,17,Portugal,4000,0.34785614343007787,0.32732284648103666,0.2723882398599667,0.4127727514635444,0.244373046554162,0.3907463365500211,0.7,0.20695498880886906,0.22891750190619362,3,286,1,4
week7-m6-f01-seed17,M6,01,17,OOD,8000,0.35320547839952,,,,,,0.7,,,24,1298,2,4
week7-m6-f10-seed17,M6,10,17,I,3000,0.6127488943298731,0.5529889867689444,0.4965731699686224,0.6884021056206486,0.4922150056804363,0.6936416184971098,0.5499999999999999,0.06746094791805644,0.05592525634747568,8,193,5,4
week7-m6-f10-seed17,M6,10,17,Finland,4000,0.4534382888720576,0.4050526052448853,0.35947361573664927,0.6355460385438972,0.3512636258973506,0.6483859134262656,0.5499999999999999,0.07943379747014027,0.09937680361654473,21,1012,1,4
week7-m6-f10-seed17,M6,10,17,Portugal,4000,0.43242154794546606,0.39887754161249944,0.29921742065944196,0.45033649558096167,0.29078041472617616,0.4402304781561748,0.5499999999999999,0.12964002857782878,0.11551596333201512,3,286,1,4
week7-m6-f10-seed17,M6,10,17,OOD,8000,0.44292991840876184,,,,,,0.5499999999999999,,,24,1298,2,4
week7-m6-f100-seed17,M6,100,17,I,3000,0.6691035151007476,0.6137079800637826,0.5305030791485924,0.7355478305652118,0.5463229860936092,0.7409820243696466,0.39999999999999997,0.05190155502949962,0.02413040555158684,8,193,5,4
week7-m6-f100-seed17,M6,100,17,Finland,4000,0.45511992811171265,0.40680625351667343,0.3511667482447257,0.6435206334703822,0.3657999268142575,0.6514135683810774,0.39999999999999997,0.06777061286853565,0.06893673103336398,21,1012,1,4
week7-m6-f100-seed17,M6,100,17,Portugal,4000,0.44921234691656,0.42102328082764234,0.3147559972085264,0.4213212098719614,0.32995575364085716,0.4428921874350339,0.39999999999999997,0.12616257484457583,0.11311046238825799,3,286,1,4
week7-m6-f100-seed17,M6,100,17,OOD,8000,0.4521661375141363,,,,,,0.39999999999999997,,,24,1298,2,4
week5-m0-f01-seed29,M0,01,29,I,3000,0.35777607892350666,0.3187390912123018,0.3225691486829567,0.4968055849375925,0.3024886624216451,0.49425898362747184,0.75,0.15651418940112358,0.16058934551160417,8,193,5,4
week5-m0-f01-seed29,M0,01,29,Finland,4000,0.2800538069691666,0.24916993421667616,0.24381060899078077,0.3960916226173314,0.21892530575021907,0.408905159203133,0.75,0.185317164812094,0.21217828750982792,21,1012,1,4
week5-m0-f01-seed29,M0,01,29,Portugal,4000,0.2671355114703271,0.24088102589184823,0.23452071379059938,0.38878086146956575,0.19878156114202644,0.36447475491145814,0.75,0.2041545238463014,0.21964451261515,3,286,1,4
week5-m0-f01-seed29,M0,01,29,OOD,8000,0.27359465921974685,,,,,,0.75,,,24,1298,2,4
week5-m0-f10-seed29,M0,10,29,I,3000,0.47038296922568373,0.4196291431550399,0.37949401636555125,0.5963521876017804,0.3756144779636101,0.5965071444772058,0.5499999999999999,0.0938334819071964,0.0800172092255349,8,193,5,4
week5-m0-f10-seed29,M0,10,29,Finland,4000,0.33391869583302547,0.2976880185938271,0.2455254294568269,0.4195847536411528,0.24232907839018925,0.4195513708114096,0.5499999999999999,0.13249759322661034,0.15079693038883868,21,1012,1,4
week5-m0-f10-seed29,M0,10,29,Portugal,4000,0.31226783341229436,0.29312050887638663,0.2510992452711054,0.37616963477210985,0.24477232760249837,0.3705792503818588,0.5499999999999999,0.1688114610414177,0.1612972291870678,3,286,1,4
week5-m0-f10-seed29,M0,10,29,OOD,8000,0.3230932646226599,,,,,,0.5499999999999999,,,24,1298,2,4
week5-m0-f100-seed29,M0,100,29,I,3000,0.588960718741339,0.528839564186365,0.46276615824063466,0.6762799312078317,0.48191154197134595,0.6780623410421719,0.35,0.06367173405754646,0.03452263088208691,8,193,5,4
week5-m0-f100-seed29,M0,100,29,Finland,4000,0.3700273109137421,0.32963307242073786,0.28321241999956426,0.5449244632918102,0.3098345501201608,0.5630916276077567,0.35,0.08664010609130618,0.08791725475837164,21,1012,1,4
week5-m0-f100-seed29,M0,100,29,Portugal,4000,0.36941693209707094,0.3364227153645764,0.2648984820198621,0.34644615458152095,0.28855570720966095,0.3886225111743194,0.35,0.13896070633446,0.1228690153588639,3,286,1,4
week5-m0-f100-seed29,M0,100,29,OOD,8000,0.3697221215054065,,,,,,0.35,,,24,1298,2,4
week5-m1-f01-seed29,M1,01,29,I,3000,0.39513333359825,0.37626574671363927,0.3637482356194023,0.5211371208515425,0.35770662084217913,0.5277044854881267,0.75,0.162672540686799,0.16168189531259142,8,193,5,4
week5-m1-f01-seed29,M1,01,29,Finland,4000,0.29858113420236454,0.2659356244500247,0.24533452004149345,0.39535366106616887,0.23894861185977984,0.3896114040226518,0.75,0.19349423581685052,0.20587329414147731,21,1012,1,4
week5-m1-f01-seed29,M1,01,29,Portugal,4000,0.3125690618389835,0.2954268639523863,0.27466303039545337,0.37246709182872045,0.2541163638968651,0.3679404075493321,0.75,0.2210966925143577,0.22355232174634063,3,286,1,4
week5-m1-f01-seed29,M1,01,29,OOD,8000,0.305575098020674,,,,,,0.75,,,24,1298,2,4
week5-m1-f10-seed29,M1,10,29,I,3000,0.48036340781433307,0.4426367918003669,0.38455331794761205,0.6065320665083136,0.3919109733247229,0.6063155468479889,0.44999999999999996,0.08840231504459038,0.06963643889457947,8,193,5,4
week5-m1-f10-seed29,M1,10,29,Finland,4000,0.3255544408521094,0.28969781394806815,0.24734142061253417,0.4289624284647922,0.2504911040229193,0.4314637373210921,0.44999999999999996,0.139759655593761,0.15393918467424314,21,1012,1,4
week5-m1-f10-seed29,M1,10,29,Portugal,4000,0.3364444296101815,0.3163273920711182,0.2568138810577084,0.3735978943105892,0.26229977003770494,0.38030626090327585,0.44999999999999996,0.15928328328380498,0.14528576588247935,3,286,1,4
week5-m1-f10-seed29,M1,10,29,OOD,8000,0.33099943523114544,,,,,,0.44999999999999996,,,24,1298,2,4
week5-m1-f100-seed29,M1,100,29,I,3000,0.5872536888820162,0.5352085339235182,0.4608642990336535,0.6622013534042259,0.4879933522996841,0.6769553316638518,0.3,0.06319893375974078,0.032585898294329764,8,193,5,4
week5-m1-f100-seed29,M1,100,29,Finland,4000,0.38462345236261986,0.3431760303778295,0.2526368085618954,0.4500057930714865,0.30386710088457236,0.5182553956834532,0.3,0.09238187124640866,0.1026852639515607,21,1012,1,4
week5-m1-f100-seed29,M1,100,29,Portugal,4000,0.3581995691822385,0.3382589592721199,0.2575040469968004,0.3267792058315749,0.3004412416399862,0.3980459283763511,0.3,0.14271579914134783,0.12679398614263812,3,286,1,4
week5-m1-f100-seed29,M1,100,29,OOD,8000,0.3714115107724292,,,,,,0.3,,,24,1298,2,4
week5-m2-f01-seed29,M2,01,29,I,3000,0.26647823890691835,0.2379351930063901,0.25552809556621525,0.3893515358361775,0.2634021102542559,0.39576340717535613,0.25,0.17573728321773077,0.17214784261102467,8,193,5,4
week5-m2-f01-seed29,M2,01,29,Finland,4000,0.17535355457513283,0.15633752097575615,0.1593918773364665,0.3085212051891762,0.16996263235863118,0.3123517606276227,0.25,0.23122966421678748,0.25347332001668726,21,1012,1,4
week5-m2-f01-seed29,M2,01,29,Portugal,4000,0.2326983195323708,0.21441143226037962,0.18828235386799105,0.3284079917280945,0.21717561324185125,0.34655857403629337,0.25,0.2001006423209701,0.20564981002363686,3,286,1,4
week5-m2-f01-seed29,M2,01,29,OOD,8000,0.20402593705375183,,,,,,0.25,,,24,1298,2,4
week5-m2-f10-seed29,M2,10,29,I,3000,0.3961329811125147,0.35453287938155487,0.33047886545467053,0.5250226027761528,0.3352865852317076,0.524385920486199,0.44999999999999996,0.11118819098234728,0.09546695182623977,8,193,5,4
week5-m2-f10-seed29,M2,10,29,Finland,4000,0.273386714359486,0.24353145626839043,0.19787392039315355,0.37357834173319654,0.20326653536706155,0.37862212943632567,0.44999999999999996,0.14215441380661956,0.16067673708651728,21,1012,1,4
week5-m2-f10-seed29,M2,10,29,Portugal,4000,0.2693817268235749,0.2542332059046654,0.22629788330206702,0.36483759939866284,0.23569305416768727,0.3752580415118418,0.44999999999999996,0.16095018762901972,0.15053057854900137,3,286,1,4
week5-m2-f10-seed29,M2,10,29,OOD,8000,0.27138422059153045,,,,,,0.44999999999999996,,,24,1298,2,4
week5-m2-f100-seed29,M2,100,29,I,3000,0.5178608077967128,0.46402150406912607,0.4083780105147222,0.6256350136772176,0.4279257980876477,0.6248165661177237,0.3,0.07420298165191244,0.044932187427128976,8,193,5,4
week5-m2-f100-seed29,M2,100,29,Finland,4000,0.3099684160726365,0.2782103716886347,0.23673875728193275,0.40366572114335586,0.26601473659351993,0.4548714625189026,0.3,0.1091571468017435,0.11574621598880959,21,1012,1,4
week5-m2-f100-seed29,M2,100,29,Portugal,4000,0.2916756848525184,0.27081735819321173,0.21899996794164878,0.2835579514824798,0.2509008183867295,0.3368115942028985,0.3,0.1620106881843725,0.1557440244564906,3,286,1,4
week5-m2-f100-seed29,M2,100,29,OOD,8000,0.30082205046257743,,,,,,0.3,,,24,1298,2,4
week5-m3-f01-seed29,M3,01,29,I,3000,0.29815966413689265,0.26604055200791754,0.2813483063048037,0.432628451590353,0.2859198961962158,0.43822804183317743,0.44999999999999996,0.18065257694447112,0.18124490391760845,8,193,5,4
week5-m3-f01-seed29,M3,01,29,Finland,4000,0.2263662762679704,0.20255206994765299,0.1924456497519707,0.3318588295197785,0.1952404495207457,0.3320062957133599,0.44999999999999996,0.22165799002153988,0.2481250837085889,21,1012,1,4
week5-m3-f01-seed29,M3,01,29,Portugal,4000,0.23685515543576197,0.21718106592590863,0.2093718299456255,0.3439170687182162,0.21329798193256008,0.3467155592084466,0.44999999999999996,0.21937633066071957,0.22251187979868026,3,286,1,4
week5-m3-f01-seed29,M3,01,29,OOD,8000,0.23161071585186618,,,,,,0.44999999999999996,,,24,1298,2,4
week5-m3-f10-seed29,M3,10,29,I,3000,0.43166536744460626,0.385252246868521,0.3516676891742787,0.5549950652483825,0.3516676891742787,0.5549950652483825,0.49999999999999994,0.10282080498436653,0.08694359089037948,8,193,5,4
week5-m3-f10-seed29,M3,10,29,Finland,4000,0.2986811766883092,0.2659769212118325,0.22199368174128645,0.43350589075330237,0.22199368174128645,0.43350589075330237,0.49999999999999994,0.1282413567282986,0.14418117823414534,21,1012,1,4
week5-m3-f10-seed29,M3,10,29,Portugal,4000,0.28188498791597916,0.2606027174293504,0.23349982340678704,0.3536297985556823,0.23349982340678704,0.3536297985556823,0.49999999999999994,0.17221455953168888,0.1649219814258355,3,286,1,4
week5-m3-f10-seed29,M3,10,29,OOD,8000,0.29028308230214417,,,,,,0.49999999999999994,,,24,1298,2,4
week5-m3-f100-seed29,M3,100,29,I,3000,0.5846060259162431,0.5288877359133107,0.4573927106870944,0.6744201241424371,0.4736263079107064,0.6793838006980383,0.39999999999999997,0.06455670032940673,0.03442101759846831,8,193,5,4
week5-m3-f100-seed29,M3,100,29,Finland,4000,0.38902012885899295,0.3467139798373895,0.28893881148395273,0.5322307039864291,0.3064916990137358,0.5476029055690073,0.39999999999999997,0.08890594335064547,0.0943184809183099,21,1012,1,4
week5-m3-f100-seed29,M3,100,29,Portugal,4000,0.34600529731414875,0.32074779657316954,0.2572872031283457,0.3411946014103582,0.27427060391413555,0.37049829409039214,0.39999999999999997,0.14255199325357,0.1295240628804543,3,286,1,4
week5-m3-f100-seed29,M3,100,29,OOD,8000,0.36751271308657085,,,,,,0.39999999999999997,,,24,1298,2,4
week5-m4-f01-seed29,M4,01,29,I,3000,0.30641259614159155,0.27347849908371946,0.2792682670340965,0.4276682079833915,0.28590921091035426,0.4369689311081093,0.39999999999999997,0.15379844488387276,0.14612272365381673,8,193,5,4
week5-m4-f01-seed29,M4,01,29,Finland,4000,0.23070145672224776,0.20626565567126803,0.18568347039375152,0.34663964876730835,0.1878185063037291,0.3404242142746555,0.39999999999999997,0.19406895683181552,0.21854997681352736,21,1012,1,4
week5-m4-f01-seed29,M4,01,29,Portugal,4000,0.2356217656157011,0.21561626025621392,0.19441763605692275,0.353308775161163,0.20665639404373762,0.36156855609134747,0.39999999999999997,0.20291162749997155,0.20218710628563966,3,286,1,4
week5-m4-f01-seed29,M4,01,29,OOD,8000,0.23316161116897444,,,,,,0.39999999999999997,,,24,1298,2,4
week5-m4-f10-seed29,M4,10,29,I,3000,0.43310585583206196,0.3862135313094678,0.3663355447044642,0.5640633533588203,0.36399703547146156,0.568324231100891,0.5499999999999999,0.10019364764706655,0.08318436937345967,8,193,5,4
week5-m4-f10-seed29,M4,10,29,Finland,4000,0.2894357741396475,0.25799451946521346,0.20347615392015242,0.397169278860765,0.19462157390570745,0.38791791560986855,0.5499999999999999,0.13274815319669825,0.1532074302517458,21,1012,1,4
week5-m4-f10-seed29,M4,10,29,Portugal,4000,0.28837518019743236,0.2641088226561693,0.2268840189250513,0.3533396210237503,0.2152504804657017,0.3400568566400433,0.5499999999999999,0.15196220794948787,0.13699179096171224,3,286,1,4
week5-m4-f10-seed29,M4,10,29,OOD,8000,0.2889054771685399,,,,,,0.5499999999999999,,,24,1298,2,4
week5-m4-f100-seed29,M4,100,29,I,3000,0.5644492356120656,0.5065129677880316,0.446710922124291,0.6622663704090969,0.46153105995088833,0.6627178101098395,0.35,0.06678653024078172,0.03703383349408397,8,193,5,4
week5-m4-f100-seed29,M4,100,29,Finland,4000,0.36952135461883673,0.32932673081470015,0.28891961266518595,0.5456251955365523,0.3092932948704815,0.5567000993945965,0.35,0.08883143617859848,0.09171389368569904,21,1012,1,4
week5-m4-f100-seed29,M4,100,29,Portugal,4000,0.35278879619521114,0.3232694685060159,0.25691087295898435,0.3392462240624853,0.28554680526605386,0.38509316770186336,0.35,0.14161757278332987,0.1301149900785512,3,286,1,4
week5-m4-f100-seed29,M4,100,29,OOD,8000,0.36115507540702396,,,,,,0.35,,,24,1298,2,4
week6-m0-f05-seed29,M0,05,29,I,3000,0.41371739005581953,0.37002787130720954,0.35211016444119525,0.5388984043991707,0.33765137933923944,0.5449124518891961,0.7,0.1281919471618359,0.12712953267717092,8,193,5,4
week6-m0-f05-seed29,M0,05,29,Finland,4000,0.3358076083234716,0.2991347806353154,0.26116586680051584,0.4310981841050232,0.22406744375014032,0.4170952959880296,0.7,0.14690057438711862,0.1680505785163079,21,1012,1,4
week6-m0-f05-seed29,M0,05,29,Portugal,4000,0.30347285335231206,0.28581758733965,0.259842005558492,0.4236986127020491,0.232584528264576,0.39569530083106735,0.7,0.17617755354094233,0.1770483946972323,3,286,1,4
week6-m0-f05-seed29,M0,05,29,OOD,8000,0.31964023083789184,,,,,,0.7,,,24,1298,2,4
week6-m0-f25-seed29,M0,25,29,I,3000,0.5040483885770058,0.4497017298377284,0.40039574068223666,0.6231573941987637,0.4055906765487759,0.6154761261017683,0.39999999999999997,0.0799578022787668,0.058812793124402296,8,193,5,4
week6-m0-f25-seed29,M0,25,29,Finland,4000,0.3681821716520719,0.3276925557352497,0.27991241887993956,0.4677956147220047,0.292236288955925,0.47605982830338966,0.39999999999999997,0.11068910134591461,0.11926673587756725,21,1012,1,4
week6-m0-f25-seed29,M0,25,29,Portugal,4000,0.34307964955739667,0.31715855151758177,0.27634867343249037,0.3918677921769112,0.2932927001734232,0.40747407834101385,0.39999999999999997,0.1521814918141001,0.1419843677417755,3,286,1,4
week6-m0-f25-seed29,M0,25,29,OOD,8000,0.3556309106047343,,,,,,0.39999999999999997,,,24,1298,2,4
week6-m0-f50-seed29,M0,50,29,I,3000,0.5321184415847691,0.47522029718281644,0.43450132217520004,0.6633407243163341,0.4419484784721958,0.6638222222222222,0.44999999999999996,0.0714707660541729,0.047282540674484855,8,193,5,4
week6-m0-f50-seed29,M0,50,29,Finland,4000,0.35895888028506806,0.31959088637126176,0.27858610538591866,0.5077156713858816,0.2837961540062429,0.5086867177283766,0.44999999999999996,0.10205578468987835,0.11063395028216218,21,1012,1,4
week6-m0-f50-seed29,M0,50,29,Portugal,4000,0.3495544656925642,0.32883224971988523,0.2792793545274533,0.36434531046916274,0.2858929663305561,0.3747254063985302,0.44999999999999996,0.15012425518053643,0.13747779831177534,3,286,1,4
week6-m0-f50-seed29,M0,50,29,OOD,8000,0.35425667298881613,,,,,,0.44999999999999996,,,24,1298,2,4
week6-m1-f05-seed29,M1,05,29,I,3000,0.43918738147563563,0.40245231651785573,0.38515827943986763,0.5712506486766995,0.3758886470800864,0.573594237178798,0.5499999999999999,0.10666991093150911,0.09262645537572067,8,193,5,4
week6-m1-f05-seed29,M1,05,29,Finland,4000,0.316312899982519,0.2817512328986856,0.25710838110493284,0.42381907996295154,0.2551161826010015,0.4219790867616779,0.5499999999999999,0.1469097876478885,0.16768096259766005,21,1012,1,4
week6-m1-f05-seed29,M1,05,29,Portugal,4000,0.31426972643459106,0.2950042716640696,0.2696223684539875,0.42027412131903924,0.26163959900501743,0.4151702240254013,0.5499999999999999,0.17270541125261457,0.17210374525502348,3,286,1,4
week6-m1-f05-seed29,M1,05,29,OOD,8000,0.315291313208555,,,,,,0.5499999999999999,,,24,1298,2,4
week6-m1-f25-seed29,M1,25,29,I,3000,0.5268462065960546,0.47782359484203546,0.4292385415473054,0.6420362235994945,0.43547194852780163,0.6370337279428189,0.35,0.08253267523917024,0.06842628478005996,8,193,5,4
week6-m1-f25-seed29,M1,25,29,Finland,4000,0.35388240084174843,0.31563255539078183,0.27115908422244045,0.4658538821156843,0.27991608565493503,0.4696547999833839,0.35,0.119719400334263,0.12909342462073933,21,1012,1,4
week6-m1-f25-seed29,M1,25,29,Portugal,4000,0.34336582225268375,0.3305501282423476,0.2821156925283822,0.3945769803274731,0.29030070524889584,0.4057144945010779,0.35,0.1618459158035749,0.1547993598254505,3,286,1,4
week6-m1-f25-seed29,M1,25,29,OOD,8000,0.34862411154721606,,,,,,0.35,,,24,1298,2,4
week6-m1-f50-seed29,M1,50,29,I,3000,0.5762414878412729,0.5197432487096019,0.45680515288954965,0.6544373458156746,0.4708074875559456,0.6584299784369718,0.39999999999999997,0.06977175895550843,0.04294195670988873,8,193,5,4
week6-m1-f50-seed29,M1,50,29,Finland,4000,0.38356964708585556,0.3411847496505892,0.29728360272402055,0.5545450027334625,0.3101802676224372,0.5551216048286881,0.39999999999999997,0.08571864895457734,0.0910702188744643,21,1012,1,4
week6-m1-f50-seed29,M1,50,29,Portugal,4000,0.3644978950130055,0.33960467864083094,0.28905653821584004,0.3979102802124261,0.30253799477087223,0.4180679714882054,0.39999999999999997,0.143588921176438,0.127499552248982,3,286,1,4
week6-m1-f50-seed29,M1,50,29,OOD,8000,0.37403377104943053,,,,,,0.39999999999999997,,,24,1298,2,4
week6-m1rgb-f10-seed29,M1RGB,10,29,I,3000,0.45000480985756697,0.4083180976606873,0.3884803172538535,0.5862425355994488,0.39451532869127476,0.5823305889803673,0.35,0.09791271943186558,0.08238699983576808,8,193,5,4
week6-m1rgb-f10-seed29,M1RGB,10,29,Finland,4000,0.31932979687715013,0.2841225306214936,0.22190930144771778,0.3745236799129015,0.24046110571320714,0.39337980514451104,0.35,0.14291932667787605,0.15197119693068412,21,1012,1,4
week6-m1rgb-f10-seed29,M1RGB,10,29,Portugal,4000,0.3150913311685285,0.2984776498635798,0.255163474288951,0.3753402722177742,0.26761417620642325,0.3872851119039896,0.35,0.164697742804527,0.15751202058825353,3,286,1,4
week6-m1rgb-f10-seed29,M1RGB,10,29,OOD,8000,0.3172105640228393,,,,,,0.35,,,24,1298,2,4
week6-m2-f05-seed29,M2,05,29,I,3000,0.33645904428818846,0.3004813768762804,0.30563840205747117,0.47307275770404644,0.3136985278763838,0.4767496477219352,0.44999999999999996,0.13367746866248023,0.11698242194024754,8,193,5,4
week6-m2-f05-seed29,M2,05,29,Finland,4000,0.2651840756174381,0.23668768360338113,0.19096619784170954,0.3543053288124241,0.19431818504056178,0.3538265509277694,0.44999999999999996,0.1559049971615467,0.17541673295266294,21,1012,1,4
week6-m2-f05-seed29,M2,05,29,Portugal,4000,0.26116075580159753,0.2457549462604299,0.2194327070536545,0.37601575085018796,0.22629900736730002,0.3801455265944727,0.44999999999999996,0.1719339519088061,0.17110855548656223,3,286,1,4
week6-m2-f05-seed29,M2,05,29,OOD,8000,0.2631724157095178,,,,,,0.44999999999999996,,,24,1298,2,4
week6-m2-f25-seed29,M2,25,29,I,3000,0.4249626013515346,0.37888434409241367,0.3394491955854764,0.56676944971537,0.3516679106276712,0.5554078668832767,0.35,0.09141741617505862,0.06851705185496605,8,193,5,4
week6-m2-f25-seed29,M2,25,29,Finland,4000,0.28712885898758744,0.2558074592994419,0.20060025150028607,0.3779122397446281,0.2191812794297655,0.4050886909061722,0.35,0.12684986702896917,0.14220742368931774,21,1012,1,4
week6-m2-f25-seed29,M2,25,29,Portugal,4000,0.28007758455511594,0.26304830399730167,0.20818939218676014,0.33997849284473486,0.2344527499387584,0.370795905577606,0.35,0.1582794499010229,0.14886088777441356,3,286,1,4
week6-m2-f25-seed29,M2,25,29,OOD,8000,0.28360322177135167,,,,,,0.35,,,24,1298,2,4
week6-m2-f50-seed29,M2,50,29,I,3000,0.4638053173116866,0.4145825876765119,0.3703001473129055,0.5968844984802432,0.3892685841410482,0.593470553997566,0.35,0.08088772338307676,0.05108332763474731,8,193,5,4
week6-m2-f50-seed29,M2,50,29,Finland,4000,0.29725407132660614,0.2650749077568841,0.21932348443380165,0.3929728635074929,0.24761705691810315,0.43312362121088327,0.35,0.11327811332407277,0.1254544403907962,21,1012,1,4
week6-m2-f50-seed29,M2,50,29,Portugal,4000,0.28264024543615607,0.26401422368552546,0.215708578182547,0.32441990856551367,0.24040061632276982,0.36946478072357664,0.35,0.15265664151789243,0.1418713239007043,3,286,1,4
week6-m2-f50-seed29,M2,50,29,OOD,8000,0.2899471583813811,,,,,,0.35,,,24,1298,2,4
week6-m3-f05-seed29,M3,05,29,I,3000,0.35146285113464715,0.3201807739897044,0.3159063588320151,0.5015834002930473,0.3159063588320151,0.5015834002930473,0.49999999999999994,0.1312579218096145,0.12295196988305374,8,193,5,4
week6-m3-f05-seed29,M3,05,29,Finland,4000,0.2708912814582968,0.2411855627053488,0.19760018896913198,0.38546029237455554,0.19760018896913198,0.38546029237455554,0.49999999999999994,0.15142004428364342,0.17487488345504734,21,1012,1,4
week6-m3-f05-seed29,M3,05,29,Portugal,4000,0.2732586747111152,0.2569529212044644,0.23146984566654163,0.403503893214683,0.23146984566654163,0.403503893214683,0.49999999999999994,0.1714159153837722,0.17134186095924459,3,286,1,4
week6-m3-f05-seed29,M3,05,29,OOD,8000,0.272074978084706,,,,,,0.49999999999999994,,,24,1298,2,4
week6-m3-f25-seed29,M3,25,29,I,3000,0.49604427733800405,0.4428861543697954,0.4070259797412128,0.6331552058253568,0.408768646795339,0.6283503420432881,0.44999999999999996,0.08093998665081387,0.06232385429715193,8,193,5,4
week6-m3-f25-seed29,M3,25,29,Finland,4000,0.3337459100910574,0.2969280640183754,0.2596796348437091,0.4687456037514654,0.265471132665479,0.46937955063206327,0.44999999999999996,0.1146992932964614,0.1258753177719265,21,1012,1,4
week6-m3-f25-seed29,M3,25,29,Portugal,4000,0.33147614478195664,0.3087055656049458,0.2640158834551325,0.40073702367884584,0.27361224499876713,0.4086213968751165,0.44999999999999996,0.1526133883183828,0.1439149882024802,3,286,1,4
week6-m3-f25-seed29,M3,25,29,OOD,8000,0.33261102743650706,,,,,,0.44999999999999996,,,24,1298,2,4
week6-m3-f50-seed29,M3,50,29,I,3000,0.5303871710797585,0.47443614898341774,0.43060626935088026,0.652165806972842,0.4410452754564813,0.6516247559995407,0.39999999999999997,0.07259564756496105,0.04792023663909088,8,193,5,4
week6-m3-f50-seed29,M3,50,29,Finland,4000,0.34105555335806115,0.30353369233344957,0.2533478357285704,0.4906381727281639,0.26674123855868204,0.5011478015186297,0.39999999999999997,0.10315303967573092,0.11201447396811981,21,1012,1,4
week6-m3-f50-seed29,M3,50,29,Portugal,4000,0.3360118962777688,0.31257365462086395,0.26699586291819194,0.3590268013123695,0.2807870800267437,0.37926382732703795,0.39999999999999997,0.1512783114271571,0.13848166142780108,3,286,1,4
week6-m3-f50-seed29,M3,50,29,OOD,8000,0.338533724817915,,,,,,0.39999999999999997,,,24,1298,2,4
week6-m4-f05-seed29,M4,05,29,I,3000,0.3538453413458391,0.31738557493335146,0.3247701964138254,0.5202346624241821,0.31911938359422937,0.5199688392625292,0.5499999999999999,0.12297102049285512,0.10753536572093338,8,193,5,4
week6-m4-f05-seed29,M4,05,29,Finland,4000,0.27447883974575116,0.24485250036825035,0.21027444713343993,0.3912604192978025,0.20588186011937162,0.3889403360232835,0.5499999999999999,0.14499431332535542,0.16327429138660268,21,1012,1,4
week6-m4-f05-seed29,M4,05,29,Portugal,4000,0.2723046536255814,0.2520364660224069,0.22626833185136935,0.380827026434134,0.2207726990654855,0.3757066462948816,0.5499999999999999,0.1707432910657837,0.1684526659848129,3,286,1,4
week6-m4-f05-seed29,M4,05,29,OOD,8000,0.2733917466856663,,,,,,0.5499999999999999,,,24,1298,2,4
week6-m4-f25-seed29,M4,25,29,I,3000,0.4901905304506386,0.4383404464032684,0.40237607511069856,0.6144287193648602,0.4047456323304108,0.6122471416007036,0.44999999999999996,0.08516732927819451,0.06479892047465713,8,193,5,4
week6-m4-f25-seed29,M4,25,29,Finland,4000,0.31592113534302435,0.2818031634565712,0.2403267779603674,0.43189520930658604,0.24649772637301645,0.43243243243243246,0.44999999999999996,0.12374182570819099,0.13884003217177518,21,1012,1,4
week6-m4-f25-seed29,M4,25,29,Portugal,4000,0.3182024066314246,0.2936801553200341,0.2529477411279373,0.36533333333333334,0.26061192484346724,0.3758575445173383,0.44999999999999996,0.16047552652416947,0.15128786582147405,3,286,1,4
week6-m4-f25-seed29,M4,25,29,OOD,8000,0.31706177098722443,,,,,,0.44999999999999996,,,24,1298,2,4
week6-m4-f50-seed29,M4,50,29,I,3000,0.525944291393489,0.4700664272092249,0.42916904321051336,0.6495904144760973,0.4316781103785805,0.6476358296622614,0.44999999999999996,0.07428875668330955,0.05082676363954901,8,193,5,4
week6-m4-f50-seed29,M4,50,29,Finland,4000,0.3460412080321532,0.3080461717750953,0.2721008011220671,0.5053558914806286,0.27912135287159046,0.5084486873508354,0.44999999999999996,0.09995723474961465,0.10736728759080368,21,1012,1,4
week6-m4-f50-seed29,M4,50,29,Portugal,4000,0.33098348494564606,0.3048593516247441,0.269503963608753,0.3701015373323003,0.2784497771504157,0.38418385112392156,0.44999999999999996,0.15290875547231864,0.14133302556179003,3,286,1,4
week6-m4-f50-seed29,M4,50,29,OOD,8000,0.3385123464888996,,,,,,0.44999999999999996,,,24,1298,2,4
week7-m5-f01-seed29,M5,01,29,I,3000,0.3641946560392879,0.3415841276866289,0.3469087297511756,0.4935152151101784,0.34126100680176424,0.4967459157922699,0.65,0.178680232181714,0.178078866867142,8,193,5,4
week7-m5-f01-seed29,M5,01,29,Finland,4000,0.2902808867587077,0.2581705768255709,0.2510492534962717,0.41457410142786805,0.24251746853917755,0.416162901686287,0.65,0.19396898703168078,0.20455781388922203,21,1012,1,4
week7-m5-f01-seed29,M5,01,29,Portugal,4000,0.29827028720268556,0.27894015770063907,0.2565287771456506,0.390096959427657,0.24793643685355676,0.3891557765310579,0.65,0.2169706993709919,0.21761744889203008,3,286,1,4
week7-m5-f01-seed29,M5,01,29,OOD,8000,0.29427558698069667,,,,,,0.65,,,24,1298,2,4
week7-m5-f10-seed29,M5,10,29,I,3000,0.48604529785301664,0.44195773416300055,0.3593966608238207,0.6175566292275836,0.38280468688023134,0.6184144645340751,0.35,0.07881338204301809,0.05366598768968265,8,193,5,4
week7-m5-f10-seed29,M5,10,29,Finland,4000,0.34631696192237604,0.308184774042936,0.20322787366353642,0.3775108509134955,0.23387846469550466,0.41185211082947293,0.35,0.1248230569037247,0.13531102147601134,21,1012,1,4
week7-m5-f10-seed29,M5,10,29,Portugal,4000,0.3412260536152409,0.31865695299164043,0.24083883049699586,0.35551159089931617,0.26813649196238465,0.3944048679133274,0.35,0.15341766682216948,0.13467427344910748,3,286,1,4
week7-m5-f10-seed29,M5,10,29,OOD,8000,0.3437715077688085,,,,,,0.35,,,24,1298,2,4
week7-m5-f100-seed29,M5,100,29,I,3000,0.6183648742440357,0.5616097386989736,0.4726109383135875,0.6830427892234548,0.5134283523418545,0.6918588181972692,0.3,0.0609143402151295,0.03180715556788443,8,193,5,4
week7-m5-f100-seed29,M5,100,29,Finland,4000,0.3712182069498494,0.33023645460392737,0.27529713974629355,0.484694954612624,0.29629732170235795,0.5126826518666262,0.3,0.09752546434329806,0.1028498288474358,21,1012,1,4
week7-m5-f100-seed29,M5,100,29,Portugal,4000,0.3757510745191026,0.353276740885484,0.2891428657809173,0.4024316109422492,0.30889274355288115,0.4351413755251902,0.3,0.13065190529248044,0.1174335117774538,3,286,1,4
week7-m5-f100-seed29,M5,100,29,OOD,8000,0.373484640734476,,,,,,0.3,,,24,1298,2,4
week7-m6-f01-seed29,M6,01,29,I,3000,0.47531197182856955,0.4283742659663333,0.3959540552744651,0.5670144284128746,0.388925591037521,0.5904329428763094,0.65,0.12113137830571236,0.13026511410674863,8,193,5,4
week7-m6-f01-seed29,M6,01,29,Finland,4000,0.37550583812866084,0.3348974035709502,0.29451532648973683,0.5145148575933098,0.27742858628319444,0.5302232254828192,0.65,0.1211544816591729,0.14834636648208113,21,1012,1,4
week7-m6-f01-seed29,M6,01,29,Portugal,4000,0.3759710134766245,0.3470043435881738,0.2864685272020438,0.426678721702542,0.23829909235660654,0.3924222974287159,0.65,0.17439945097829243,0.1641139197406084,3,286,1,4
week7-m6-f01-seed29,M6,01,29,OOD,8000,0.37573842580264266,,,,,,0.65,,,24,1298,2,4
week7-m6-f10-seed29,M6,10,29,I,3000,0.5767497480510411,0.5227894424183143,0.4581186740093474,0.6883079241783086,0.43784718577171244,0.6906150084634192,0.6,0.06831369243183147,0.054308989575918974,8,193,5,4
week7-m6-f10-seed29,M6,10,29,Finland,4000,0.4144421891055162,0.3697207509465275,0.3174839399069236,0.609286523216308,0.29783572323689333,0.6071009389671361,0.6,0.08380164144834717,0.0943605430079242,21,1012,1,4
week7-m6-f10-seed29,M6,10,29,Portugal,4000,0.3984779023566204,0.3748308104903319,0.28714323561282973,0.4241624286657091,0.2697010140473627,0.39475322365495774,0.6,0.14090855916255787,0.13226000902869298,3,286,1,4
week7-m6-f10-seed29,M6,10,29,OOD,8000,0.4064600457310683,,,,,,0.6,,,24,1298,2,4
week7-m6-f100-seed29,M6,100,29,I,3000,0.6700449545523576,0.6136509009023459,0.5340061622437471,0.7387015666301334,0.5464919915378554,0.7394998493522146,0.39999999999999997,0.051984507096814445,0.025545601106058136,8,193,5,4
week7-m6-f100-seed29,M6,100,29,Finland,4000,0.45815182447497815,0.4089936124392655,0.34939716962337525,0.6651158282446448,0.3707364206117056,0.6710355042865479,0.39999999999999997,0.0662231726669685,0.06669733429929599,21,1012,1,4
week7-m6-f100-seed29,M6,100,29,Portugal,4000,0.44349137583655307,0.41771356449873265,0.3171488637972508,0.4306782055810668,0.33447663387292625,0.4451477627883056,0.39999999999999997,0.12925216228278621,0.1196484341009576,3,286,1,4
week7-m6-f100-seed29,M6,100,29,OOD,8000,0.4508216001557656,,,,,,0.39999999999999997,,,24,1298,2,4
week5-m0-f01-seed43,M0,01,43,I,3000,0.3436455502564467,0.30729633489030006,0.3160843191256932,0.4745273950656841,0.3192875460994517,0.4867790594498669,0.65,0.1780384112714302,0.18530446274155765,8,193,5,4
week5-m0-f01-seed43,M0,01,43,Finland,4000,0.2568526313149332,0.22989364514199762,0.24350072002019119,0.3832189698601581,0.23306573824468257,0.3821076573161486,0.65,0.22679337427337237,0.24221310789338302,21,1012,1,4
week5-m0-f01-seed43,M0,01,43,Portugal,4000,0.25406202681082335,0.232189045764019,0.22250267504563928,0.35167159241886065,0.21238249204121137,0.34914622064222856,0.65,0.2651983307179478,0.2783989255690809,3,286,1,4
week5-m0-f01-seed43,M0,01,43,OOD,8000,0.25545732906287827,,,,,,0.65,,,24,1298,2,4
week5-m0-f10-seed43,M0,10,43,I,3000,0.45965372897608625,0.4123763306045414,0.38587765862586515,0.5900728141848702,0.38587765862586515,0.5900728141848702,0.49999999999999994,0.09663545279852229,0.07961923718707138,8,193,5,4
week5-m0-f10-seed43,M0,10,43,Finland,4000,0.33987523694198135,0.30247189210910164,0.2724610191809703,0.517782564733811,0.2724610191809703,0.517782564733811,0.49999999999999994,0.1084560125640489,0.1198800503248637,21,1012,1,4
week5-m0-f10-seed43,M0,10,43,Portugal,4000,0.29254382287401826,0.26865346882818153,0.24266524142765847,0.37560672968139847,0.24266524142765847,0.37560672968139847,0.49999999999999994,0.17751216564747407,0.1716037179932436,3,286,1,4
week5-m0-f10-seed43,M0,10,43,OOD,8000,0.3162095299079998,,,,,,0.49999999999999994,,,24,1298,2,4
week5-m0-f100-seed43,M0,100,43,I,3000,0.5806493289800674,0.5232492490041996,0.46530132033102256,0.6789014539579967,0.49004969590154146,0.6829865361077111,0.35,0.06456004771241987,0.03642988735005909,8,193,5,4
week5-m0-f100-seed43,M0,100,43,Finland,4000,0.35898685476480463,0.3195350415000197,0.290985521414395,0.5511392663737611,0.31026030469811466,0.5609205776173285,0.35,0.0901334391061895,0.09231702305551363,21,1012,1,4
week5-m0-f100-seed43,M0,100,43,Portugal,4000,0.34148795106675006,0.3140243797247681,0.2628126707090674,0.3405322558171938,0.2906108867796436,0.3762642740619902,0.35,0.14850884871475836,0.1352739757358644,3,286,1,4
week5-m0-f100-seed43,M0,100,43,OOD,8000,0.3502374029157773,,,,,,0.35,,,24,1298,2,4
week5-m1-f01-seed43,M1,01,43,I,3000,0.3742810623136169,0.3505841231421244,0.365948054151739,0.5226167613288113,0.3671741579303279,0.5334530758868433,0.75,0.17437057475065768,0.17701682663356694,8,193,5,4
week5-m1-f01-seed43,M1,01,43,Finland,4000,0.2677304661521116,0.23827047149366626,0.24767299222087313,0.41164712551090427,0.23823834730800403,0.4015905858011121,0.75,0.2315806580635745,0.23905742651580358,21,1012,1,4
week5-m1-f01-seed43,M1,01,43,Portugal,4000,0.3204408279119878,0.3021501964450867,0.28394110657997773,0.41151363175585554,0.28285331624486776,0.4159085001299714,0.75,0.2581696668534372,0.2671358828076385,3,286,1,4
week5-m1-f01-seed43,M1,01,43,OOD,8000,0.2940856470320497,,,,,,0.75,,,24,1298,2,4
week5-m1-f10-seed43,M1,10,43,I,3000,0.48257662134226964,0.4488376932487511,0.40531595346385524,0.6100098565326908,0.3997749224951442,0.6118531367447239,0.6,0.09600435024594384,0.08190389602278075,8,193,5,4
week5-m1-f10-seed43,M1,10,43,Finland,4000,0.33777003362553354,0.30086867625575536,0.27775775932361424,0.5271997079225995,0.26685400101687706,0.5251644951849754,0.6,0.11722346297215043,0.12792897556245453,21,1012,1,4
week5-m1-f10-seed43,M1,10,43,Portugal,4000,0.33586004235858635,0.3182101533881065,0.2729583002990186,0.3901595648885207,0.26192858425059795,0.3789522628642282,0.6,0.17458091803420603,0.16939853848865177,3,286,1,4
week5-m1-f10-seed43,M1,10,43,OOD,8000,0.3368150379920599,,,,,,0.6,,,24,1298,2,4
week5-m1-f100-seed43,M1,100,43,I,3000,0.588170094666932,0.5370979190296706,0.43996215145671663,0.6739398929600658,0.47982263641991785,0.6825001448183977,0.3,0.06225152069851449,0.03043485057116863,8,193,5,4
week5-m1-f100-seed43,M1,100,43,Finland,4000,0.38963580471935877,0.3469391774138186,0.27045109986270083,0.5007841652695906,0.31762664594529666,0.5474365525464145,0.3,0.08788628541103047,0.09478004135450722,21,1012,1,4
week5-m1-f100-seed43,M1,100,43,Portugal,4000,0.3814434256994458,0.3541719299384588,0.27717914199915367,0.3670927260051127,0.3050510165327657,0.418592611766446,0.3,0.13578778732385846,0.12427556245521058,3,286,1,4
week5-m1-f100-seed43,M1,100,43,OOD,8000,0.3855396152094023,,,,,,0.3,,,24,1298,2,4
week5-m2-f01-seed43,M2,01,43,I,3000,0.29572476460817965,0.2634462586271294,0.24778806378201457,0.47909127462806594,0.2561895026543192,0.47434435575826683,0.39999999999999997,0.12263870586708467,0.12001169782644402,8,193,5,4
week5-m2-f01-seed43,M2,01,43,Finland,4000,0.19383827648307317,0.17308276939282108,0.1185516507494648,0.23551831772630197,0.1373328686857812,0.2642316361324626,0.39999999999999997,0.2015745391079945,0.24318697925682914,21,1012,1,4
week5-m2-f01-seed43,M2,01,43,Portugal,4000,0.2218095548687703,0.2063479083175115,0.16564738732730722,0.3392150998571096,0.18037083781384552,0.3448954774451329,0.39999999999999997,0.17575965452611472,0.19798976807440935,3,286,1,4
week5-m2-f01-seed43,M2,01,43,OOD,8000,0.20782391567592173,,,,,,0.39999999999999997,,,24,1298,2,4
week5-m2-f10-seed43,M2,10,43,I,3000,0.39179331172362986,0.349584114575517,0.3212091694108254,0.5204627305467642,0.32526479382789425,0.5171867261020308,0.39999999999999997,0.11069297398144294,0.0936936658602411,8,193,5,4
week5-m2-f10-seed43,M2,10,43,Finland,4000,0.25833123595436175,0.23029271426519143,0.16066527540937597,0.34258346245950133,0.172885218973254,0.35244834878802667,0.39999999999999997,0.1366290105118611,0.15785386007469127,21,1012,1,4
week5-m2-f10-seed43,M2,10,43,Portugal,4000,0.27493382252698323,0.2597708606904746,0.19705573835162513,0.3454014828837356,0.2157272890468823,0.3621126208052495,0.39999999999999997,0.16458849844888052,0.15863428639040153,3,286,1,4
week5-m2-f10-seed43,M2,10,43,OOD,8000,0.2666325292406725,,,,,,0.39999999999999997,,,24,1298,2,4
week5-m2-f100-seed43,M2,100,43,I,3000,0.512967004081182,0.45925247632803345,0.4007577031228549,0.6195066817365866,0.4221668688263447,0.6249783073986233,0.35,0.07430742524506746,0.04199308458087723,8,193,5,4
week5-m2-f100-seed43,M2,100,43,Finland,4000,0.3058654180598538,0.27328074532997876,0.22928406614634855,0.40928547909120844,0.2533125344605786,0.4500922509225092,0.35,0.1075594912820572,0.11256205334199985,21,1012,1,4
week5-m2-f100-seed43,M2,100,43,Portugal,4000,0.2879958609770714,0.26811070582765223,0.2103018701275924,0.2620615023897556,0.24076781574963751,0.311501719526175,0.35,0.16441065460284862,0.15607639093272346,3,286,1,4
week5-m2-f100-seed43,M2,100,43,OOD,8000,0.2969306395184626,,,,,,0.35,,,24,1298,2,4
week5-m3-f01-seed43,M3,01,43,I,3000,0.27928519081040687,0.25007467994140337,0.29526845953794134,0.4506175306766857,0.28949888426052905,0.44690767099130874,0.65,0.20714262476242112,0.20972679053252546,8,193,5,4
week5-m3-f01-seed43,M3,01,43,Finland,4000,0.20494469621595224,0.18265912150594787,0.1891109144289901,0.3470732406022217,0.18316567902808634,0.34458176488224124,0.65,0.23849262869206833,0.24718026364421722,21,1012,1,4
week5-m3-f01-seed43,M3,01,43,Portugal,4000,0.24298633826117244,0.22625169786809018,0.20354605060140626,0.339612550511053,0.1928873809082067,0.3343245403677058,0.65,0.24884460970010863,0.2556026317327744,3,286,1,4
week5-m3-f01-seed43,M3,01,43,OOD,8000,0.22396551723856234,,,,,,0.65,,,24,1298,2,4
week5-m3-f10-seed43,M3,10,43,I,3000,0.41960664146099214,0.37516929095779145,0.3612278268477762,0.5582221265604821,0.3612278268477762,0.5582221265604821,0.49999999999999994,0.10632694956328424,0.08760797854565885,8,193,5,4
week5-m3-f10-seed43,M3,10,43,Finland,4000,0.2911950629554242,0.25935473898266964,0.22071597306863108,0.45049821738732976,0.22071597306863108,0.45049821738732976,0.49999999999999994,0.11487138811674559,0.12733599155848574,21,1012,1,4
week5-m3-f10-seed43,M3,10,43,Portugal,4000,0.2836164166474595,0.26230887582932033,0.23265874396367564,0.369792255778004,0.23265874396367564,0.369792255778004,0.49999999999999994,0.170358176240269,0.1630578329035846,3,286,1,4
week5-m3-f10-seed43,M3,10,43,OOD,8000,0.28740573980144185,,,,,,0.49999999999999994,,,24,1298,2,4
week5-m3-f100-seed43,M3,100,43,I,3000,0.5588792453772405,0.5005345328364168,0.4389303466826171,0.6652287581699347,0.45563350714184714,0.6655825299105587,0.35,0.06660409510315651,0.036364159516429975,8,193,5,4
week5-m3-f100-seed43,M3,100,43,Finland,4000,0.34953760617335083,0.3112757925490014,0.2701216228205129,0.5312173731467947,0.29061422522966285,0.546865989442399,0.35,0.089672014164483,0.09419187605127473,21,1012,1,4
week5-m3-f100-seed43,M3,100,43,Portugal,4000,0.3534151128962888,0.3267584541254269,0.26941220911471825,0.35533971686443394,0.2954895992624295,0.39498507462686566,0.35,0.14391647934189153,0.1271746436298166,3,286,1,4
week5-m3-f100-seed43,M3,100,43,OOD,8000,0.3514763595348198,,,,,,0.35,,,24,1298,2,4
week5-m4-f01-seed43,M4,01,43,I,3000,0.2895887147691749,0.26004045128384184,0.29216795498648296,0.46970459885867744,0.2825933154647735,0.4674511207552235,0.6,0.172028000327045,0.17192775341912495,8,193,5,4
week5-m4-f01-seed43,M4,01,43,Finland,4000,0.20271268653000607,0.18115511570719767,0.19904981185022763,0.3662673097868368,0.1903335938116975,0.3651893200618737,0.6,0.20735135526246176,0.2251662817955066,21,1012,1,4
week5-m4-f01-seed43,M4,01,43,Portugal,4000,0.2633378757552374,0.24662084263037615,0.2259305954802825,0.3640152642832012,0.21944212191742601,0.3609667946690761,0.6,0.2551928574810857,0.26813622321984754,3,286,1,4
week5-m4-f01-seed43,M4,01,43,OOD,8000,0.23302528114262175,,,,,,0.6,,,24,1298,2,4
week5-m4-f10-seed43,M4,10,43,I,3000,0.410092575218891,0.36705859016023235,0.35469274689180197,0.560994305738064,0.35469274689180197,0.560994305738064,0.49999999999999994,0.10314305540400501,0.08269569723624383,8,193,5,4
week5-m4-f10-seed43,M4,10,43,Finland,4000,0.28808669381849805,0.257283790221932,0.20061675398807555,0.4005085823267641,0.20061675398807555,0.4005085823267641,0.49999999999999994,0.11711266572340197,0.1298226838521443,21,1012,1,4
week5-m4-f10-seed43,M4,10,43,Portugal,4000,0.2835379554169657,0.26112254445171273,0.22314912362728223,0.34661164894461194,0.22314912362728223,0.34661164894461194,0.49999999999999994,0.16326537667519161,0.15573549939725498,3,286,1,4
week5-m4-f10-seed43,M4,10,43,OOD,8000,0.28581232461773187,,,,,,0.49999999999999994,,,24,1298,2,4
week5-m4-f100-seed43,M4,100,43,I,3000,0.559679573240621,0.5050776927330256,0.44702215675576096,0.660173867573044,0.46681195826688104,0.6671703376532806,0.35,0.06826495484663317,0.04039312899392429,8,193,5,4
week5-m4-f100-seed43,M4,100,43,Finland,4000,0.361972276636285,0.3229986502288747,0.29530452002508495,0.5617129801817119,0.3097802189662726,0.5720577000853817,0.35,0.084327290953727,0.08701715426539247,21,1012,1,4
week5-m4-f100-seed43,M4,100,43,Portugal,4000,0.3433828531648879,0.31941915563880346,0.2519525888538194,0.3195704499166821,0.28110923208449334,0.3667959781489985,0.35,0.14923523269601727,0.13675991738662607,3,286,1,4
week5-m4-f100-seed43,M4,100,43,OOD,8000,0.35267756490058644,,,,,,0.35,,,24,1298,2,4
week6-m0-f05-seed43,M0,05,43,I,3000,0.4141964427433805,0.3702467246152417,0.3690897831444885,0.5518850317282568,0.35996937168274445,0.5598754161744174,0.65,0.1205283034007876,0.11613656244940111,8,193,5,4
week6-m0-f05-seed43,M0,05,43,Finland,4000,0.33760102052555496,0.3007270733131295,0.27474231803656296,0.48351132496185895,0.25159034577484507,0.46734637641223475,0.65,0.12556717338579096,0.14672383631156377,21,1012,1,4
week6-m0-f05-seed43,M0,05,43,Portugal,4000,0.29322208226461555,0.274226895940575,0.25566922050940705,0.42183151622302983,0.23986443639775532,0.41013465890121303,0.65,0.17662837549778931,0.1752687563705437,3,286,1,4
week6-m0-f05-seed43,M0,05,43,OOD,8000,0.31541155139508525,,,,,,0.65,,,24,1298,2,4
week6-m0-f25-seed43,M0,25,43,I,3000,0.5301498872048744,0.47271771891727155,0.4274020078751997,0.6343022911609733,0.4351884178472052,0.6277196251438593,0.39999999999999997,0.07884450148743685,0.059240407180039936,8,193,5,4
week6-m0-f25-seed43,M0,25,43,Finland,4000,0.38942481316981253,0.3472031572123635,0.31071245728805574,0.5298524612768305,0.3219950691167907,0.5358509609319148,0.39999999999999997,0.10166643748718007,0.10831568716580743,21,1012,1,4
week6-m0-f25-seed43,M0,25,43,Portugal,4000,0.3399620620091263,0.31205057092851124,0.2788574654660672,0.39133717464732765,0.28737144993802743,0.40484795385682476,0.39999999999999997,0.15552033306604593,0.1444437568049019,3,286,1,4
week6-m0-f25-seed43,M0,25,43,OOD,8000,0.3646934375894694,,,,,,0.39999999999999997,,,24,1298,2,4
week6-m0-f50-seed43,M0,50,43,I,3000,0.5498262064464857,0.4903481478333665,0.4391659603486165,0.6569788740994016,0.4449584839218803,0.6564288216746468,0.44999999999999996,0.07167534868081998,0.049517036011146265,8,193,5,4
week6-m0-f50-seed43,M0,50,43,Finland,4000,0.37788393478829874,0.3364994741557463,0.2850915475011784,0.5239785152503357,0.2904563135219114,0.5290191927095319,0.44999999999999996,0.09765004490859064,0.1061005139344108,21,1012,1,4
week6-m0-f50-seed43,M0,50,43,Portugal,4000,0.37257448956951333,0.337935602229498,0.28245421216456773,0.37508202458550244,0.2895418965517525,0.3835559090718801,0.44999999999999996,0.14676708788694684,0.13397059854332855,3,286,1,4
week6-m0-f50-seed43,M0,50,43,OOD,8000,0.37522921217890604,,,,,,0.44999999999999996,,,24,1298,2,4
week6-m1-f05-seed43,M1,05,43,I,3000,0.4574999163852123,0.4234175043162486,0.4029416018452412,0.5775147928994083,0.40043852361350285,0.5783335971716532,0.5499999999999999,0.1118728305665014,0.10084847020227704,8,193,5,4
week6-m1-f05-seed43,M1,05,43,Finland,4000,0.3258049777570945,0.29014279849668423,0.26346125065208126,0.4682757507265095,0.2616957325857112,0.4637462867662441,0.5499999999999999,0.13201417019407227,0.1459336765812999,21,1012,1,4
week6-m1-f05-seed43,M1,05,43,Portugal,4000,0.31636353710873816,0.29852283040644123,0.28050297833884946,0.3995262534544019,0.2765260573948434,0.3960278642359567,0.5499999999999999,0.17862868936775564,0.17492155648533753,3,286,1,4
week6-m1-f05-seed43,M1,05,43,OOD,8000,0.32108425743291635,,,,,,0.5499999999999999,,,24,1298,2,4
week6-m1-f25-seed43,M1,25,43,I,3000,0.5511608582582926,0.5023257736953918,0.4404593994021926,0.6447047906275374,0.4404593994021926,0.6447047906275374,0.49999999999999994,0.07935490976550327,0.06027492069233496,8,193,5,4
week6-m1-f25-seed43,M1,25,43,Finland,4000,0.38000421117942795,0.3383309419948532,0.29995089908658257,0.5427338905365328,0.29995089908658257,0.5427338905365328,0.49999999999999994,0.09670205768314336,0.10850262282552657,21,1012,1,4
week6-m1-f25-seed43,M1,25,43,Portugal,4000,0.3436483180161831,0.32080595788731414,0.2746948449776349,0.38340788938592923,0.2746948449776349,0.38340788938592923,0.49999999999999994,0.15368803468342246,0.14466110016462697,3,286,1,4
week6-m1-f25-seed43,M1,25,43,OOD,8000,0.36182626459780554,,,,,,0.49999999999999994,,,24,1298,2,4
week6-m1-f50-seed43,M1,50,43,I,3000,0.5792367483588169,0.5223677582541043,0.4729643976935922,0.6641648645210533,0.48082553911288517,0.6646095418941372,0.39999999999999997,0.06883586489646194,0.045182774045794606,8,193,5,4
week6-m1-f50-seed43,M1,50,43,Finland,4000,0.3806919957724504,0.33896302735692374,0.3075453440636015,0.561591944377847,0.314930743546774,0.5594969644405897,0.39999999999999997,0.0889851337108302,0.09474239753438089,21,1012,1,4
week6-m1-f50-seed43,M1,50,43,Portugal,4000,0.35645301396836404,0.327235399213109,0.2885278505271427,0.3787911103527706,0.2973658295378028,0.39783943421154894,0.39999999999999997,0.14894614539280188,0.13816383692522596,3,286,1,4
week6-m1-f50-seed43,M1,50,43,OOD,8000,0.3685725048704072,,,,,,0.39999999999999997,,,24,1298,2,4
week6-m1rgb-f10-seed43,M1RGB,10,43,I,3000,0.47563898851002107,0.43087231322287145,0.37188135863131105,0.5851973298981146,0.37909016646728705,0.58717697088649,0.39999999999999997,0.09229546627888786,0.07064334515458746,8,193,5,4
week6-m1rgb-f10-seed43,M1RGB,10,43,Finland,4000,0.32539744269843185,0.28945692126819556,0.2381916928668586,0.46339982653946227,0.24714574284586485,0.4738162312352873,0.39999999999999997,0.11834256368278487,0.1348475791549346,21,1012,1,4
week6-m1rgb-f10-seed43,M1RGB,10,43,Portugal,4000,0.3184930741156798,0.29425736899070537,0.24628917287490268,0.36976599710084906,0.2572601807018421,0.3859066732053265,0.39999999999999997,0.1564340464298834,0.1425117428352914,3,286,1,4
week6-m1rgb-f10-seed43,M1RGB,10,43,OOD,8000,0.3219452584070558,,,,,,0.39999999999999997,,,24,1298,2,4
week6-m2-f05-seed43,M2,05,43,I,3000,0.3454864803303373,0.3084082850576301,0.3044126945717842,0.5017667844522968,0.31946466070009655,0.499597747385358,0.39999999999999997,0.12698872124554544,0.11430588980093954,8,193,5,4
week6-m2-f05-seed43,M2,05,43,Finland,4000,0.29420406146579015,0.2623350556013329,0.1598487469218,0.3114128469850962,0.16970053120614376,0.3157312307639105,0.39999999999999997,0.15808541319640554,0.1855577114676012,21,1012,1,4
week6-m2-f05-seed43,M2,05,43,Portugal,4000,0.24469501212142925,0.22722245014980788,0.19805707948947165,0.3627232943539709,0.21436147301838793,0.3798159314503332,0.39999999999999997,0.16911964885951553,0.1644570345336648,3,286,1,4
week6-m2-f05-seed43,M2,05,43,OOD,8000,0.2694495367936097,,,,,,0.39999999999999997,,,24,1298,2,4
week6-m2-f25-seed43,M2,25,43,I,3000,0.4441710366155085,0.3962234166914162,0.35986599119160745,0.5711973174538938,0.36870025537491125,0.5652286767377874,0.39999999999999997,0.09255163650917725,0.07269926233770006,8,193,5,4
week6-m2-f25-seed43,M2,25,43,Finland,4000,0.2938592819054252,0.2618499362888709,0.21594109674464487,0.39299223571570774,0.22631824497676684,0.41173093061260546,0.39999999999999997,0.12105516680930041,0.1351562034761865,21,1012,1,4
week6-m2-f25-seed43,M2,25,43,Portugal,4000,0.28628289061268997,0.2650500052073048,0.23891183382437986,0.36504669938261836,0.2523844272205356,0.38398225021471516,0.39999999999999997,0.15958194483183002,0.14915319678429317,3,286,1,4
week6-m2-f25-seed43,M2,25,43,OOD,8000,0.2900710862590576,,,,,,0.39999999999999997,,,24,1298,2,4
week6-m2-f50-seed43,M2,50,43,I,3000,0.45566159908918963,0.4070669916557006,0.3685222860915267,0.5913293353323338,0.373333664356769,0.5750049086982132,0.3,0.08304742755937622,0.05244015083054141,8,193,5,4
week6-m2-f50-seed43,M2,50,43,Finland,4000,0.2999316043409104,0.26722124646733014,0.20025281339616932,0.3582546298738986,0.23790939858276566,0.42241343475911375,0.3,0.11793772244453207,0.128045626260002,21,1012,1,4
week6-m2-f50-seed43,M2,50,43,Portugal,4000,0.29798809554671946,0.2756142748090422,0.22627935992292425,0.33925182404791027,0.24627678201134723,0.3729735172691572,0.3,0.15566244161062562,0.14634109676943227,3,286,1,4
week6-m2-f50-seed43,M2,50,43,OOD,8000,0.2989598499438149,,,,,,0.3,,,24,1298,2,4
week6-m3-f05-seed43,M3,05,43,I,3000,0.3542326005133005,0.3176020200455634,0.32141305119335534,0.5115413964135826,0.32141305119335534,0.5115413964135826,0.49999999999999994,0.12387556862307324,0.11518130402838718,8,193,5,4
week6-m3-f05-seed43,M3,05,43,Finland,4000,0.26800578261824193,0.23895351441561052,0.21020491558090434,0.416906064302861,0.21020491558090434,0.416906064302861,0.49999999999999994,0.13771390975338563,0.16703561717182802,21,1012,1,4
week6-m3-f05-seed43,M3,05,43,Portugal,4000,0.26409453353780343,0.24518322002839776,0.22212133724274993,0.36743666689929516,0.22212133724274993,0.36743666689929516,0.49999999999999994,0.17784543099295827,0.17965798438561312,3,286,1,4
week6-m3-f05-seed43,M3,05,43,OOD,8000,0.2660501580780227,,,,,,0.49999999999999994,,,24,1298,2,4
week6-m3-f25-seed43,M3,25,43,I,3000,0.5021888280433366,0.44817685646542255,0.412443418401495,0.6309303021238408,0.4204338933305969,0.6251710735205562,0.39999999999999997,0.08001659516389535,0.06010209266613683,8,193,5,4
week6-m3-f25-seed43,M3,25,43,Finland,4000,0.37156970212734913,0.3307725818866966,0.28377125507528556,0.5030771503126384,0.29582375397008215,0.5083400231915084,0.39999999999999997,0.09977910436099797,0.10670910342137203,21,1012,1,4
week6-m3-f25-seed43,M3,25,43,Portugal,4000,0.33566826006244044,0.31066795486553245,0.26908131573825267,0.39073433604118074,0.28087545529311947,0.40957036274762026,0.39999999999999997,0.15377260263236406,0.13986015400430324,3,286,1,4
week6-m3-f25-seed43,M3,25,43,OOD,8000,0.35361898109489476,,,,,,0.39999999999999997,,,24,1298,2,4
week6-m3-f50-seed43,M3,50,43,I,3000,0.5278189222837504,0.4720468919714388,0.42390262362129427,0.6526195899772209,0.4421412371970644,0.64891716901094,0.35,0.07143966152623252,0.04404989955901071,8,193,5,4
week6-m3-f50-seed43,M3,50,43,Finland,4000,0.3592070283930616,0.32001159749853697,0.2644321110363172,0.48544615874025765,0.2822877553408261,0.5035904131306538,0.35,0.10025445810232379,0.10308666586155373,21,1012,1,4
week6-m3-f50-seed43,M3,50,43,Portugal,4000,0.349210608235798,0.32248557908527364,0.26271714653170625,0.3433580579905597,0.28771938656061374,0.381408276714021,0.35,0.1496960585702835,0.1352526185064117,3,286,1,4
week6-m3-f50-seed43,M3,50,43,OOD,8000,0.35420881831442985,,,,,,0.35,,,24,1298,2,4
week6-m4-f05-seed43,M4,05,43,I,3000,0.3574977495913146,0.32040349580981586,0.33288120654651254,0.5141226257258144,0.32884390457385393,0.510784716516023,0.5499999999999999,0.12491047604590479,0.10924313247897831,8,193,5,4
week6-m4-f05-seed43,M4,05,43,Finland,4000,0.2921810650415014,0.26027899460521514,0.22893444619896805,0.4601813685078318,0.22689038710636453,0.4597691210169052,0.5499999999999999,0.12787312234925804,0.14864164462172483,21,1012,1,4
week6-m4-f05-seed43,M4,05,43,Portugal,4000,0.2647893296832643,0.24737728038139767,0.21497745904686028,0.3549946927703739,0.2050008444040658,0.34441638027410876,0.5499999999999999,0.1637341245504433,0.15482357493144172,3,286,1,4
week6-m4-f05-seed43,M4,05,43,OOD,8000,0.27848519736238286,,,,,,0.5499999999999999,,,24,1298,2,4
week6-m4-f25-seed43,M4,25,43,I,3000,0.5073379728938072,0.45402585755957214,0.41530803120266635,0.6234150965754236,0.4218625511391993,0.6161307901907357,0.39999999999999997,0.08127901893004896,0.05936425979023865,8,193,5,4
week6-m4-f25-seed43,M4,25,43,Finland,4000,0.36030520852633724,0.3207858690193725,0.27431003593274345,0.5091847578563838,0.28990098303140777,0.5186627718273288,0.39999999999999997,0.09656423854101882,0.10116355473385907,21,1012,1,4
week6-m4-f25-seed43,M4,25,43,Portugal,4000,0.32268117933465434,0.29554424295445536,0.2681556500816052,0.39825292833035536,0.28160701033546975,0.41229960194281123,0.39999999999999997,0.15430756907589216,0.14120622561111268,3,286,1,4
week6-m4-f25-seed43,M4,25,43,OOD,8000,0.3414931939304958,,,,,,0.39999999999999997,,,24,1298,2,4
week6-m4-f50-seed43,M4,50,43,I,3000,0.5182011934853267,0.465801329714883,0.4272972770061975,0.6422466422466423,0.4317661781277925,0.6405297702766057,0.44999999999999996,0.07652133674800565,0.05357105387893866,8,193,5,4
week6-m4-f50-seed43,M4,50,43,Finland,4000,0.36741134501259565,0.3271957365070603,0.2774617455802147,0.5079614498219149,0.2872015811924593,0.5163658303584896,0.44999999999999996,0.09566283270626451,0.10002815932978783,21,1012,1,4
week6-m4-f50-seed43,M4,50,43,Portugal,4000,0.33981848641622187,0.31249447003445335,0.2707026363401833,0.34633795060787054,0.27756192942813546,0.35977852321868814,0.44999999999999996,0.15641915205061213,0.14499952624937273,3,286,1,4
week6-m4-f50-seed43,M4,50,43,OOD,8000,0.35361491571440873,,,,,,0.44999999999999996,,,24,1298,2,4
week7-m5-f01-seed43,M5,01,43,I,3000,0.36082714548127526,0.32938475373360654,0.3429221997974495,0.5144574742813598,0.34060954708432495,0.5155391445777836,0.5499999999999999,0.14580879163123056,0.14548242861687305,8,193,5,4
week7-m5-f01-seed43,M5,01,43,Finland,4000,0.290969682611228,0.25886394234985777,0.27014600983041553,0.44540337711069417,0.2711373741913843,0.44783448456476904,0.5499999999999999,0.16691908663358362,0.19125575167755482,21,1012,1,4
week7-m5-f01-seed43,M5,01,43,Portugal,4000,0.29469323194200914,0.2840887729501582,0.2699159374510234,0.4252575206972868,0.26635225530815704,0.4261086537370988,0.5499999999999999,0.20521267603535323,0.22026155908796027,3,286,1,4
week7-m5-f01-seed43,M5,01,43,OOD,8000,0.2928314572766186,,,,,,0.5499999999999999,,,24,1298,2,4
week7-m5-f10-seed43,M5,10,43,I,3000,0.48234711330416746,0.44471989083755736,0.4046600790668242,0.606709015936699,0.4148639102307875,0.6003894639745824,0.39999999999999997,0.08893305990019507,0.06831882619553765,8,193,5,4
week7-m5-f10-seed43,M5,10,43,Finland,4000,0.2919971214041054,0.25980511002690043,0.22909979950786566,0.40346205059920104,0.23664367085139457,0.41024690442648476,0.39999999999999997,0.13248884459098637,0.1536038114846543,21,1012,1,4
week7-m5-f10-seed43,M5,10,43,Portugal,4000,0.31568860021298145,0.29868908456670434,0.26494235006477007,0.4185473617291799,0.2782786942164472,0.4266309141586988,0.39999999999999997,0.1429649732635727,0.13548159584242975,3,286,1,4
week7-m5-f10-seed43,M5,10,43,OOD,8000,0.3038428608085434,,,,,,0.39999999999999997,,,24,1298,2,4
week7-m5-f100-seed43,M5,100,43,I,3000,0.6239387038620376,0.5651765787097198,0.501202806069224,0.696969696969697,0.5188914523610488,0.6975294389286539,0.35,0.060825925494575495,0.03291387327420136,8,193,5,4
week7-m5-f100-seed43,M5,100,43,Finland,4000,0.38849957085504555,0.3457339182932398,0.29172695036274254,0.5069542115955618,0.31142223993956014,0.5247660979636763,0.35,0.09603568424188107,0.0987270324609642,21,1012,1,4
week7-m5-f100-seed43,M5,100,43,Portugal,4000,0.3648143037801209,0.3433583536995089,0.24955535660918673,0.2944902138197057,0.27999955459562315,0.3348740370601707,0.35,0.1541545066836169,0.14778659062399988,3,286,1,4
week7-m5-f100-seed43,M5,100,43,OOD,8000,0.3766569373175832,,,,,,0.35,,,24,1298,2,4
week7-m6-f01-seed43,M6,01,43,I,3000,0.4475156345891308,0.4055622303957387,0.37842929411771487,0.5521988212504637,0.372227901565246,0.5758284965362291,0.65,0.1320368532265627,0.14665757419357275,8,193,5,4
week7-m6-f01-seed43,M6,01,43,Finland,4000,0.345955804069515,0.31009740660520074,0.30892640300376084,0.5005714938850154,0.2984798613575628,0.5274784664752575,0.65,0.14664337086186063,0.1808167484338983,21,1012,1,4
week7-m6-f01-seed43,M6,01,43,Portugal,4000,0.3675202816253034,0.34623445411120346,0.29310595120037486,0.4340940599338808,0.2866314771641831,0.438486940858601,0.65,0.20053358811269195,0.22742534590369456,3,286,1,4
week7-m6-f01-seed43,M6,01,43,OOD,8000,0.3567380428474092,,,,,,0.65,,,24,1298,2,4
week7-m6-f10-seed43,M6,10,43,I,3000,0.5841079982505726,0.5271298832652305,0.45075652365277147,0.6714736367733213,0.4439775750933638,0.6742007260803373,0.5499999999999999,0.07246241339314356,0.0594193382559531,8,193,5,4
week7-m6-f10-seed43,M6,10,43,Finland,4000,0.4296282074548049,0.3874210759553118,0.34719108619516553,0.6178214393906608,0.3324024501397228,0.6200532549811771,0.5499999999999999,0.08042923955591215,0.08912461200462565,21,1012,1,4
week7-m6-f10-seed43,M6,10,43,Portugal,4000,0.41969863782822325,0.4080806310021025,0.2980521378718972,0.426345012444955,0.2905308734563147,0.4177571236394766,0.5499999999999999,0.1407709049740914,0.12940735299019676,3,286,1,4
week7-m6-f10-seed43,M6,10,43,OOD,8000,0.4246634226415141,,,,,,0.5499999999999999,,,24,1298,2,4
week7-m6-f100-seed43,M6,100,43,I,3000,0.6706010669493914,0.6069313712821559,0.5268752775552428,0.7374703202207534,0.541314279657196,0.7397210867997115,0.39999999999999997,0.05191136743908709,0.023493318461923453,8,193,5,4
week7-m6-f100-seed43,M6,100,43,Finland,4000,0.45273397589488706,0.4040797499235494,0.35761528080068167,0.6636210627554701,0.3735156366271938,0.6653395266533952,0.39999999999999997,0.06745792164341173,0.06656197763437643,21,1012,1,4
week7-m6-f100-seed43,M6,100,43,Portugal,4000,0.44416375944880926,0.4107626408062399,0.32362473037075284,0.4337837837837838,0.3324873473387595,0.4494174367215749,0.39999999999999997,0.12669864493937041,0.1142953431245188,3,286,1,4
week7-m6-f100-seed43,M6,100,43,OOD,8000,0.44844886767184816,,,,,,0.39999999999999997,,,24,1298,2,4
