hypothesis,left_model,right_model,fraction_code,domain,grouping,observed_paired_difference,bootstrap_mean,percentile_2_5,percentile_97_5,replicates,p_value
H1,M3,M0,01,I,MGRS,-0.055172518108784575,-0.05051378459641608,-0.06892202510270126,-0.026600059391845936,1000,
H1,M3,M0,01,Finland,MGRS,-0.031267934351653016,-0.04216040960864051,-0.06901486454664763,-0.023627765851826445,1000,
H1,M3,M0,01,Portugal,MGRS,-0.014136548174989568,-0.016153783484690053,-0.03596076351734228,-0.004498728242151713,1000,
H1,M3,M0,01,OOD,MGRS,-0.022702241263321293,-0.029157096546665283,-0.04427442324142261,-0.01719254469624315,1000,
H1,M3,M0,01,I,12km-block,-0.055172518108784575,-0.05438800822275088,-0.06478905245075568,-0.04189994159131466,1000,
H1,M3,M0,01,Finland,12km-block,-0.031267934351653016,-0.04041604760342248,-0.06069359716055163,-0.026171912894991167,1000,
H1,M3,M0,01,Portugal,12km-block,-0.014136548174989568,-0.014496584119876282,-0.021552047009614238,-0.007328802403841201,1000,
H1,M3,M0,01,OOD,12km-block,-0.022702241263321293,-0.027456315861649382,-0.03903703010427534,-0.018947192230531047,1000,
H1,M3,M0,05,I,MGRS,-0.06705208071446155,-0.06612471702145224,-0.08330519742359642,-0.04496262573621176,1000,
H1,M3,M0,05,Finland,MGRS,-0.05318597433094966,-0.05658136802711989,-0.07892661861625351,-0.034961273163085935,1000,
H1,M3,M0,05,Portugal,MGRS,-0.027498114506608124,-0.029333321046767752,-0.055704173871068303,-0.02293446888056459,1000,
H1,M3,M0,05,OOD,MGRS,-0.040342044418778894,-0.042957344536943824,-0.05547225751816869,-0.03153517045963427,1000,
H1,M3,M0,05,I,12km-block,-0.06705208071446155,-0.06654925726121215,-0.07769907356068045,-0.05468989758042777,1000,
H1,M3,M0,05,Finland,12km-block,-0.05318597433094966,-0.05458071960669682,-0.06883163961846508,-0.03898889208869037,1000,
H1,M3,M0,05,Portugal,12km-block,-0.027498114506608124,-0.02806720867528119,-0.035268069776006494,-0.021581739334081022,1000,
H1,M3,M0,05,OOD,12km-block,-0.040342044418778894,-0.041323964140988996,-0.04864036708965946,-0.03254859196748151,1000,
H1,M3,M0,10,I,MGRS,-0.04980826059399118,-0.05050926402716442,-0.06401973836415974,-0.03610498462638739,1000,
H1,M3,M0,10,Finland,MGRS,-0.04085374199926369,-0.04238772842702087,-0.05800628049125789,-0.026512643653126694,1000,
H1,M3,M0,10,Portugal,MGRS,-0.016465302512858732,-0.017051260687599174,-0.0196098602024208,-0.013309392882342582,1000,
H1,M3,M0,10,OOD,MGRS,-0.02865952225606121,-0.02971949455731002,-0.03800369271452992,-0.021019793744983056,1000,
H1,M3,M0,10,I,12km-block,-0.04980826059399118,-0.049608855162478024,-0.05875015057286085,-0.039777154096305424,1000,
H1,M3,M0,10,Finland,12km-block,-0.04085374199926369,-0.04162696587759899,-0.055411247540233,-0.0284382676331735,1000,
H1,M3,M0,10,Portugal,12km-block,-0.016465302512858732,-0.016521326560673885,-0.02139142402917392,-0.01198143342150562,1000,
H1,M3,M0,10,OOD,12km-block,-0.02865952225606121,-0.02907414621913643,-0.035948952683570096,-0.022072669426137573,1000,
H1,M3,M0,25,I,MGRS,-0.02300955308832575,-0.023594348945022853,-0.037678592895460356,-0.009271255848764365,1000,
H1,M3,M0,25,Finland,MGRS,-0.020096214551149516,-0.025137105715551077,-0.04898854351185354,-0.0040382314111187785,1000,
H1,M3,M0,25,Portugal,MGRS,-0.006931332680535233,-0.007426225000463784,-0.026053283820402156,0.0002358377009233914,1000,
H1,M3,M0,25,OOD,MGRS,-0.013513773615842375,-0.01628166535800743,-0.02975202768021547,-0.0044538187439014335,1000,
H1,M3,M0,25,I,12km-block,-0.02300955308832575,-0.022671964843219507,-0.030429361882343346,-0.01492994289380144,1000,
H1,M3,M0,25,Finland,12km-block,-0.020096214551149516,-0.02153518283257701,-0.035161647433406065,-0.004553178172435125,1000,
H1,M3,M0,25,Portugal,12km-block,-0.006931332680535233,-0.0072775795141021005,-0.01333931841561549,-0.0021666296386533995,1000,
H1,M3,M0,25,OOD,12km-block,-0.013513773615842375,-0.014406381173339554,-0.021871798856871256,-0.006058178634635368,1000,
H1,M3,M0,50,I,MGRS,-0.012956583506176863,-0.01305585070913696,-0.021330381551752042,-0.004213741063635795,1000,
H1,M3,M0,50,Finland,MGRS,-0.016815448169966756,-0.017147333968443264,-0.03011895820513614,-0.003505763520527559,1000,
H1,M3,M0,50,Portugal,MGRS,-0.019085272429357886,-0.01855631797081153,-0.03408348837741439,-0.004901355023028575,1000,
H1,M3,M0,50,OOD,MGRS,-0.01795036029966232,-0.017851825969627394,-0.02686021777895379,-0.008368880717385039,1000,
H1,M3,M0,50,I,12km-block,-0.012956583506176863,-0.01290427669293228,-0.020468422591210813,-0.005652395568359124,1000,
H1,M3,M0,50,Finland,12km-block,-0.016815448169966756,-0.017116167261263797,-0.02358659213264209,-0.011000406589287958,1000,
H1,M3,M0,50,Portugal,12km-block,-0.019085272429357886,-0.019112164050424655,-0.025837673197904715,-0.013000723461196762,1000,
H1,M3,M0,50,OOD,12km-block,-0.01795036029966232,-0.018114165655844228,-0.022684780344695867,-0.013981443580473473,1000,
H1,M3,M0,100,I,MGRS,-0.016550182251304557,-0.015778913851169984,-0.027563808074382308,-0.00360885403355878,1000,
H1,M3,M0,100,Finland,MGRS,-0.0009070325544284404,-0.00014978153584447134,-0.010318868916574062,0.011409896577928581,1000,
H1,M3,M0,100,Portugal,MGRS,-0.004068944998582513,-0.002627736270528414,-0.006596383587330816,0.011728899975545437,1000,
H1,M3,M0,100,OOD,MGRS,-0.0024879887765054767,-0.001388758903186443,-0.0069396304814400385,0.005958102641725275,1000,
H1,M3,M0,100,I,12km-block,-0.016550182251304557,-0.01682235746588752,-0.02381638995918166,-0.01044491602566651,1000,
H1,M3,M0,100,Finland,12km-block,-0.0009070325544284404,-0.0005147707945226422,-0.007131122816714971,0.006218466580849829,1000,
H1,M3,M0,100,Portugal,12km-block,-0.004068944998582513,-0.0037747959143259093,-0.008340147937103986,0.0008074166455448226,1000,
H1,M3,M0,100,OOD,12km-block,-0.0024879887765054767,-0.002144783354424276,-0.0060489782552204585,0.00189410553751859,1000,
H2,M3,M2,01,I,MGRS,0.0013926374903950693,0.0032852219642421146,-0.02189493391317683,0.03274477708098581,1000,
H2,M3,M2,01,Finland,MGRS,0.037405369362841744,0.031621882023899144,-0.0011799615224389731,0.06168864845888285,1000,
H2,M3,M2,01,Portugal,MGRS,0.013675406580722619,0.013498289955368694,0.011062005398949073,0.015730434724223575,1000,
H2,M3,M2,01,OOD,MGRS,0.02554038797178218,0.022560085989633917,0.0059334276341665585,0.037125214624535774,1000,
H2,M3,M2,01,I,12km-block,0.0013926374903950693,0.0018176862023579462,-0.00818420325866343,0.012064211317263556,1000,
H2,M3,M2,01,Finland,12km-block,0.037405369362841744,0.03027171097848216,0.011704153594199095,0.04502495926887923,1000,
H2,M3,M2,01,Portugal,12km-block,0.013675406580722619,0.013749401239371323,0.009809019839668599,0.01793969205262048,1000,
H2,M3,M2,01,OOD,12km-block,0.02554038797178218,0.022010556108926743,0.012416680492683288,0.029683874286102686,1000,
H2,M3,M2,05,I,MGRS,0.009667318455615378,0.009644099134352851,-0.004094816482628634,0.023091122787070057,1000,
H2,M3,M2,05,Finland,MGRS,0.012649857664064188,0.019970884125840648,-0.014338007323378421,0.0548083120085086,1000,
H2,M3,M2,05,Portugal,MGRS,0.015344047397842342,0.015071945806440187,0.012022418332204984,0.017835525498142935,1000,
H2,M3,M2,05,OOD,MGRS,0.013996952530953266,0.017521414966140417,0.000328269577378632,0.03485789326320842,1000,
H2,M3,M2,05,I,12km-block,0.009667318455615378,0.009702083402953194,-0.000865269445551892,0.019966017911177792,1000,
H2,M3,M2,05,Finland,12km-block,0.012649857664064188,0.02133434214327948,0.005378279740823105,0.04098067533802282,1000,
H2,M3,M2,05,Portugal,12km-block,0.015344047397842342,0.015521408225842826,0.010980930237537307,0.02049890764722619,1000,
H2,M3,M2,05,OOD,12km-block,0.013996952530953266,0.01842787518456115,0.00993679887667923,0.028802143941634422,1000,
H2,M3,M2,10,I,MGRS,0.031043291326478834,0.02896948964503961,0.0061852066842329745,0.04831042822990724,1000,
H2,M3,M2,10,Finland,MGRS,0.03171076603250478,0.032880923735047106,0.0035050588946372208,0.06443070992549557,1000,
H2,M3,M2,10,Portugal,MGRS,0.011688270110917868,0.012430806373730532,0.0065047703947014495,0.026734160250297272,1000,
H2,M3,M2,10,OOD,MGRS,0.021699518071711322,0.02265586505438882,0.007518171085838699,0.0389153726204331,1000,
H2,M3,M2,10,I,12km-block,0.031043291326478834,0.030871033921142575,0.02026734942975176,0.040688836952031515,1000,
H2,M3,M2,10,Finland,12km-block,0.03171076603250478,0.033092599389066876,0.02391423913873017,0.04216875595776214,1000,
H2,M3,M2,10,Portugal,12km-block,0.011688270110917868,0.011865651670787637,0.005934821628147934,0.01794942261167823,1000,
H2,M3,M2,10,OOD,12km-block,0.021699518071711322,0.022479125529927254,0.01714976161169175,0.028016360732429992,1000,
H2,M3,M2,25,I,MGRS,0.06175903680564582,0.06277977462380065,0.04723245929514129,0.08304663486075721,1000,
H2,M3,M2,25,Finland,MGRS,0.06264874403650324,0.05910244312430787,0.010629564950409754,0.10315897991155905,1000,
H2,M3,M2,25,Portugal,MGRS,0.04884344678746222,0.049927940775216964,0.03998320387397456,0.07278667919953229,1000,
H2,M3,M2,25,OOD,MGRS,0.05574609541198273,0.05451519194976242,0.029572385599005893,0.07772520796316255,1000,
H2,M3,M2,25,I,12km-block,0.06175903680564582,0.061922453532582133,0.05294500224071306,0.0728282705935844,1000,
H2,M3,M2,25,Finland,12km-block,0.06264874403650324,0.06267184336069939,0.042448536049400104,0.08392952382122977,1000,
H2,M3,M2,25,Portugal,12km-block,0.04884344678746222,0.049061113188237436,0.039829936143711414,0.058065758021978,1000,
H2,M3,M2,25,OOD,12km-block,0.05574609541198273,0.05586647827446841,0.04455841929603748,0.06728596057718086,1000,
H2,M3,M2,50,I,MGRS,0.06152590232165167,0.06326656649711379,0.045292750731852974,0.08480824063607399,1000,
H2,M3,M2,50,Finland,MGRS,0.054026520041403236,0.05396985327735473,0.026640755748483194,0.07915603349109489,1000,
H2,M3,M2,50,Portugal,MGRS,0.04732755953650314,0.047919943349770705,0.03977871155579652,0.06579295196240707,1000,
H2,M3,M2,50,OOD,MGRS,0.05067703978895319,0.05094489831356272,0.036854900653274646,0.06481460703797626,1000,
H2,M3,M2,50,I,12km-block,0.06152590232165167,0.06179682191255537,0.051196850875329034,0.0723908305003342,1000,
H2,M3,M2,50,Finland,12km-block,0.054026520041403236,0.05460944175111848,0.0404383511708055,0.06849637670858788,1000,
H2,M3,M2,50,Portugal,12km-block,0.04732755953650314,0.04695947579043508,0.036470803039265844,0.05682571851109988,1000,
H2,M3,M2,50,OOD,12km-block,0.05067703978895319,0.05078445877077678,0.04209458714362655,0.05887925327567959,1000,
H2,M3,M2,100,I,MGRS,0.05744080630993794,0.06172331316943534,0.03817959177935412,0.09589139929293096,1000,
H2,M3,M2,100,Finland,MGRS,0.06247871325417723,0.06437455401140528,0.030397730553544097,0.09904877791759555,1000,
H2,M3,M2,100,Portugal,MGRS,0.05910261218651547,0.05956443272091549,0.052945904929954456,0.07185407825097047,1000,
H2,M3,M2,100,OOD,MGRS,0.060790662720346354,0.061969493366160394,0.044442304620464945,0.07914187395427313,1000,
H2,M3,M2,100,I,12km-block,0.05744080630993794,0.056366352748096454,0.040611156850838825,0.07255681028146921,1000,
H2,M3,M2,100,Finland,12km-block,0.06247871325417723,0.06317745272776655,0.04908193577715785,0.07823034075466193,1000,
H2,M3,M2,100,Portugal,12km-block,0.05910261218651547,0.05890942206465943,0.04978717353932065,0.0682392217352668,1000,
H2,M3,M2,100,OOD,12km-block,0.060790662720346354,0.061043437396212985,0.05272419973385906,0.07025339965741893,1000,
H3,M4,M3,01,I,MGRS,0.011164926548535051,0.010280650537942753,-0.01107652702266184,0.03159538334718337,1000,
H3,M4,M3,01,Finland,MGRS,-0.004859228101555313,0.002402403144452923,-0.021369635144738768,0.030574244630996696,1000,
H3,M4,M3,01,Portugal,MGRS,0.001570250422830738,0.001654543519408658,-0.002654192464829878,0.005203185401052625,1000,
H3,M4,M3,01,OOD,MGRS,-0.0016444888393622875,0.002028473331930791,-0.01028315269455665,0.017034946718965265,1000,
H3,M4,M3,01,I,12km-block,0.011164926548535051,0.010990183833153562,0.0008102959172287932,0.021138657599555757,1000,
H3,M4,M3,01,Finland,12km-block,-0.004859228101555313,0.0033228773518066117,-0.009229799693320329,0.021287336942590333,1000,
H3,M4,M3,01,Portugal,12km-block,0.001570250422830738,0.0016526675402664549,-0.002918656648604316,0.006405156690274549,1000,
H3,M4,M3,01,OOD,12km-block,-0.0016444888393622875,0.0024877724460365333,-0.004678081462901513,0.012083420967193309,1000,
H3,M4,M3,05,I,MGRS,0.006540771295205435,0.0064421771242410405,-0.002393762497864277,0.017730652454083166,1000,
H3,M4,M3,05,Finland,MGRS,0.001961216216525452,0.002650759001287842,-0.006994055603315596,0.012382489351196499,1000,
H3,M4,M3,05,Portugal,MGRS,-0.001653420685268599,6.711018905397454e-05,-0.004380174088116362,0.014960174303084097,1000,
H3,M4,M3,05,OOD,MGRS,0.00015389776562842647,0.0013589345951709082,-0.004609482628001633,0.008407203523156838,1000,
H3,M4,M3,05,I,12km-block,0.006540771295205435,0.006213027663089052,-0.0013604674405787677,0.015279325782728217,1000,
H3,M4,M3,05,Finland,12km-block,0.001961216216525452,0.0016778420757677728,-0.006366262880282547,0.01434888853858832,1000,
H3,M4,M3,05,Portugal,12km-block,-0.001653420685268599,-0.0008827635791012954,-0.006852490344013038,0.008506148628077196,1000,
H3,M4,M3,05,OOD,12km-block,0.00015389776562842647,0.0003975392483332386,-0.00504568749061911,0.008238965196665528,1000,
H3,M4,M3,10,I,MGRS,0.0020681297810808408,0.003472255572497846,-0.0059656982836861425,0.013356261069823187,1000,
H3,M4,M3,10,Finland,MGRS,-0.01267223266095537,-0.012888412540742583,-0.029447870322312927,0.0021612019667689294,1000,
H3,M4,M3,10,Portugal,MGRS,0.0006626381479176158,1.3277328191650316e-05,-0.009533126404902096,0.004135598637396727,1000,
H3,M4,M3,10,OOD,MGRS,-0.006004797256518877,-0.0064375676062754655,-0.015576454652415578,0.0016833984983183102,1000,
H3,M4,M3,10,I,12km-block,0.0020681297810808408,0.002102930654025607,-0.003709723186489893,0.007871401213071519,1000,
H3,M4,M3,10,Finland,12km-block,-0.01267223266095537,-0.013234454030701864,-0.01900591145719024,-0.007537165624781582,1000,
H3,M4,M3,10,Portugal,12km-block,0.0006626381479176158,0.0012328691265232363,-0.0037371920348053724,0.007108312757467847,1000,
H3,M4,M3,10,OOD,12km-block,-0.006004797256518877,-0.006000792452089314,-0.010148167063229768,-0.0018489770875036822,1000,
H3,M4,M3,25,I,MGRS,0.0007530689794627935,0.0005366288371781082,-0.006490015180505834,0.00939582142064598,1000,
H3,M4,M3,25,Finland,MGRS,-0.01646980649994108,-0.012510032845666258,-0.03488341236646842,0.01183655312909783,1000,
H3,M4,M3,25,Portugal,MGRS,-0.01041903939010134,-0.011509196211402438,-0.021438572352414382,-0.007225966739674332,1000,
H3,M4,M3,25,OOD,MGRS,-0.013444422945021212,-0.01200961452853435,-0.023579732111688963,0.00037959639331613184,1000,
H3,M4,M3,25,I,12km-block,0.0007530689794627935,0.0007034316724336113,-0.004558359171122854,0.0062086862334915895,1000,
H3,M4,M3,25,Finland,12km-block,-0.01646980649994108,-0.015827231956475812,-0.033684717612574716,-0.0016445365370359307,1000,
H3,M4,M3,25,Portugal,12km-block,-0.01041903939010134,-0.010550877667988935,-0.015192336589950027,-0.005986052509397911,1000,
H3,M4,M3,25,OOD,12km-block,-0.013444422945021212,-0.013189054812232376,-0.02216314015594384,-0.005501712599192622,1000,
H3,M4,M3,50,I,MGRS,-0.0026849927290751863,-0.0016943571663022414,-0.010034280896420032,0.00898706782937933,1000,
H3,M4,M3,50,Finland,MGRS,-0.002965214733263055,-0.0028536663401165364,-0.014498580122798687,0.009075147258735693,1000,
H3,M4,M3,50,Portugal,MGRS,0.00016985202185136142,-0.0005309416530681765,-0.013210140705397222,0.007402926904127934,1000,
H3,M4,M3,50,OOD,MGRS,-0.001397681355705847,-0.001692303996592356,-0.008892755683828045,0.005013948204398012,1000,
H3,M4,M3,50,I,12km-block,-0.0026849927290751863,-0.002669387183616239,-0.009599877520932215,0.0041747771116172104,1000,
H3,M4,M3,50,Finland,12km-block,-0.002965214733263055,-0.0027843036769017206,-0.009564192072278488,0.00339086515746118,1000,
H3,M4,M3,50,Portugal,12km-block,0.00016985202185136142,0.0002682084962125101,-0.004235917464549661,0.004524038583827422,1000,
H3,M4,M3,50,OOD,12km-block,-0.001397681355705847,-0.0012580475903446052,-0.005281256896196187,0.00262109066876462,1000,
H3,M4,M3,100,I,MGRS,-0.007601594220192465,-0.007575814289948379,-0.01600385493879325,-0.00030405217774267574,1000,
H3,M4,M3,100,Finland,MGRS,-0.0036473999641803236,-0.004780202299749623,-0.016499207030099664,0.007396370378275136,1000,
H3,M4,M3,100,Portugal,MGRS,-0.0030577616785717834,-0.0027924139863663975,-0.008975350469199098,0.002856630740054119,1000,
H3,M4,M3,100,OOD,MGRS,-0.0033525808213760535,-0.00378630814305801,-0.010084788403818826,0.002411461689313912,1000,
H3,M4,M3,100,I,12km-block,-0.007601594220192465,-0.007246911117443902,-0.012461050633427938,-0.0018472224107949201,1000,
H3,M4,M3,100,Finland,12km-block,-0.0036473999641803236,-0.0038443992712264598,-0.00997779149142469,0.0020832036750684287,1000,
H3,M4,M3,100,Portugal,12km-block,-0.0030577616785717834,-0.0030661846809041907,-0.00681049347450563,0.0007939420693994291,1000,
H3,M4,M3,100,OOD,12km-block,-0.0033525808213760535,-0.0034552919760653254,-0.007024181890241301,1.9692243202598736e-05,1000,
