run_id,model_id,seed,condition,domain,sample_count,supported_map,degradation_from_clean,macro_f1_at_source_v_threshold,micro_f1_at_source_v_threshold,source_v_threshold,mean_feature_cosine_change
week5-m3-f10-seed17,M3,17,clean,I,3000,0.395384453708155,,0.3522152732302421,0.5439335002930676,0.44999999999999996,0.0
week5-m3-f10-seed17,M3,17,clean,Finland,4000,0.2826022574186769,,0.2366510459838499,0.3986742802379907,0.44999999999999996,0.0
week5-m3-f10-seed17,M3,17,clean,Portugal,4000,0.30004911211185553,,0.24570551752220035,0.3773900482761242,0.44999999999999996,0.0
week5-m3-f10-seed17,M3,17,missing_b08,I,3000,0.3003207885562718,0.09506366515188319,0.21781330222388456,0.378230563002681,0.44999999999999996,0.28812065720558167
week5-m3-f10-seed17,M3,17,missing_b08,Finland,4000,0.2434658966836338,0.03913636073504309,0.16900224046504408,0.3244636439539696,0.44999999999999996,0.15467795729637146
week5-m3-f10-seed17,M3,17,missing_b08,Portugal,4000,0.2760914394119936,0.02395767269986193,0.19590015252880505,0.33693535453816487,0.44999999999999996,0.13194258511066437
week5-m3-f10-seed17,M3,17,missing_red_edge,I,3000,0.274817665172,0.12056678853615499,0.2525511535268466,0.363609007472792,0.44999999999999996,0.4732184112071991
week5-m3-f10-seed17,M3,17,missing_red_edge,Finland,4000,0.20519690038643187,0.07740535703224502,0.15000848052433693,0.22631220177232447,0.44999999999999996,0.47939881682395935
week5-m3-f10-seed17,M3,17,missing_red_edge,Portugal,4000,0.22135809918827226,0.07869101292358327,0.18309248353361438,0.28646324840096465,0.44999999999999996,0.47046130895614624
week5-m3-f10-seed17,M3,17,missing_swir,I,3000,0.2699488912861704,0.12543556242198461,0.22582246288064256,0.4239064815322979,0.44999999999999996,0.4171163737773895
week5-m3-f10-seed17,M3,17,missing_swir,Finland,4000,0.23833579361161183,0.04426646380706506,0.12522720732785883,0.246521635190055,0.44999999999999996,0.36612796783447266
week5-m3-f10-seed17,M3,17,missing_swir,Portugal,4000,0.23254657168129939,0.06750254043055615,0.1667295010516306,0.35376646682164853,0.44999999999999996,0.45437055826187134
week5-m3-f10-seed17,M3,17,gain_0p9,I,3000,0.3854406829210888,0.009943770787066208,0.3442761157748063,0.5215794306703397,0.44999999999999996,0.09102772921323776
week5-m3-f10-seed17,M3,17,gain_0p9,Finland,4000,0.2814580701396938,0.0011441872789830776,0.2391669354822462,0.41389886597522096,0.44999999999999996,0.029605157673358917
week5-m3-f10-seed17,M3,17,gain_0p9,Portugal,4000,0.30107012603986083,-0.0010210139280052988,0.2477822569128275,0.3743954914131221,0.44999999999999996,0.07155361771583557
week5-m3-f10-seed17,M3,17,gain_1p1,I,3000,0.38080994121243694,0.014574512495718062,0.3473981332339727,0.5394289415447725,0.44999999999999996,0.06123843044042587
week5-m3-f10-seed17,M3,17,gain_1p1,Finland,4000,0.2816372527790436,0.0009650046396332823,0.230165050996794,0.37142062830136224,0.44999999999999996,0.03387339413166046
week5-m3-f10-seed17,M3,17,gain_1p1,Portugal,4000,0.2978717949611419,0.00217731715071362,0.24011176449232927,0.38174563204586837,0.44999999999999996,0.06476344913244247
week5-m4-f10-seed17,M4,17,clean,I,3000,0.4096623634038834,,0.36319245485913465,0.5586807911078641,0.44999999999999996,0.0
week5-m4-f10-seed17,M4,17,clean,Finland,4000,0.25693934136372093,,0.1936175374863433,0.36199842643587726,0.44999999999999996,0.0
week5-m4-f10-seed17,M4,17,clean,Portugal,4000,0.29562530180239166,,0.23138870306742404,0.3846491053281792,0.44999999999999996,0.0
week5-m4-f10-seed17,M4,17,missing_b08,I,3000,0.32553064098756257,0.08413172241632083,0.27604408807727193,0.4741050119331742,0.44999999999999996,0.29767081141471863
week5-m4-f10-seed17,M4,17,missing_b08,Finland,4000,0.25590427812308014,0.0010350632406407878,0.1686313382937959,0.2921024458535782,0.44999999999999996,0.22352826595306396
week5-m4-f10-seed17,M4,17,missing_b08,Portugal,4000,0.2624906300525817,0.03313467174980994,0.1889596177960638,0.3568063476320357,0.44999999999999996,0.19271138310432434
week5-m4-f10-seed17,M4,17,missing_red_edge,I,3000,0.26245732824702445,0.14720503515685895,0.23519724231954622,0.4131700633670149,0.44999999999999996,0.37284591794013977
week5-m4-f10-seed17,M4,17,missing_red_edge,Finland,4000,0.1997555086482102,0.057183832715510724,0.15166006292115147,0.2808562525403062,0.44999999999999996,0.307234525680542
week5-m4-f10-seed17,M4,17,missing_red_edge,Portugal,4000,0.20694116449127717,0.08868413731111449,0.15947196784835543,0.3147376571660337,0.44999999999999996,0.2234470248222351
week5-m4-f10-seed17,M4,17,missing_swir,I,3000,0.3813424558010061,0.02831990760287728,0.3251289142240073,0.5370169530224328,0.44999999999999996,0.18307794630527496
week5-m4-f10-seed17,M4,17,missing_swir,Finland,4000,0.28058896717464943,-0.0236496258109285,0.17832938926724576,0.3149237231925713,0.44999999999999996,0.21857695281505585
week5-m4-f10-seed17,M4,17,missing_swir,Portugal,4000,0.28344606871680567,0.012179233085585994,0.20379759809661427,0.3776932826362484,0.44999999999999996,0.23594319820404053
week5-m4-f10-seed17,M4,17,gain_0p9,I,3000,0.40823735277755224,0.001425010626331158,0.34993008139717824,0.5408100328947368,0.44999999999999996,0.08812696486711502
week5-m4-f10-seed17,M4,17,gain_0p9,Finland,4000,0.259365944854285,-0.002426603490564061,0.1934636297016841,0.38110902255639095,0.44999999999999996,0.04301678016781807
week5-m4-f10-seed17,M4,17,gain_0p9,Portugal,4000,0.2970113647126673,-0.0013860629102756539,0.2352018147600271,0.38756566733815223,0.44999999999999996,0.070277139544487
week5-m4-f10-seed17,M4,17,gain_1p1,I,3000,0.39487534351921283,0.014787019884670571,0.36406511277523923,0.5588977702986958,0.44999999999999996,0.05442839115858078
week5-m4-f10-seed17,M4,17,gain_1p1,Finland,4000,0.25535148018335546,0.0015878611803654685,0.19552586809033104,0.3468299427217065,0.44999999999999996,0.04116715118288994
week5-m4-f10-seed17,M4,17,gain_1p1,Portugal,4000,0.295975955824166,-0.0003506540217743659,0.23955098382019907,0.3797125681754847,0.44999999999999996,0.0529271624982357
week5-m3-f10-seed29,M3,29,clean,I,3000,0.43166536744460626,,0.3516676891742787,0.5549950652483825,0.49999999999999994,0.0
week5-m3-f10-seed29,M3,29,clean,Finland,4000,0.2986811766883092,,0.22199368174128645,0.43350589075330237,0.49999999999999994,0.0
week5-m3-f10-seed29,M3,29,clean,Portugal,4000,0.28188498791597916,,0.23349982340678704,0.3536297985556823,0.49999999999999994,0.0
week5-m3-f10-seed29,M3,29,missing_b08,I,3000,0.327679194350448,0.10398617309415825,0.2727389693369741,0.4243208279430789,0.49999999999999994,0.2572181522846222
week5-m3-f10-seed29,M3,29,missing_b08,Finland,4000,0.2832519488927133,0.015429227795595857,0.1733700502282816,0.33513231197771587,0.49999999999999994,0.14527921378612518
week5-m3-f10-seed29,M3,29,missing_b08,Portugal,4000,0.26994242150790526,0.011942566408073896,0.20399238092385671,0.3460932222472416,0.49999999999999994,0.11587272584438324
week5-m3-f10-seed29,M3,29,missing_red_edge,I,3000,0.26837611561337965,0.1632892518312266,0.2308515312150718,0.40707876370887336,0.49999999999999994,0.4859882891178131
week5-m3-f10-seed29,M3,29,missing_red_edge,Finland,4000,0.19710315268719192,0.10157802400111726,0.14413128400680175,0.30316014997321905,0.49999999999999994,0.37273970246315
week5-m3-f10-seed29,M3,29,missing_red_edge,Portugal,4000,0.19993993411610433,0.08194505379987482,0.1320533885294893,0.24999010488818524,0.49999999999999994,0.44750064611434937
week5-m3-f10-seed29,M3,29,missing_swir,I,3000,0.23152317923001042,0.20014218821459584,0.18338380091430473,0.3701710120549481,0.49999999999999994,0.47120121121406555
week5-m3-f10-seed29,M3,29,missing_swir,Finland,4000,0.224727429146228,0.07395374754208117,0.0953114868504933,0.19775764345703528,0.49999999999999994,0.40308046340942383
week5-m3-f10-seed29,M3,29,missing_swir,Portugal,4000,0.24803413303987576,0.0338508548761034,0.1636251889065459,0.3402119353039598,0.49999999999999994,0.4964192509651184
week5-m3-f10-seed29,M3,29,gain_0p9,I,3000,0.4058212034718816,0.025844163972724654,0.3362538124973939,0.5267723102585488,0.49999999999999994,0.05474154278635979
week5-m3-f10-seed29,M3,29,gain_0p9,Finland,4000,0.3049345413871208,-0.006253364698811603,0.22219044429174875,0.4411764705882353,0.49999999999999994,0.031522590667009354
week5-m3-f10-seed29,M3,29,gain_0p9,Portugal,4000,0.28517177951984074,-0.003286791603861583,0.22903076814856854,0.3486987979927646,0.49999999999999994,0.05184581130743027
week5-m3-f10-seed29,M3,29,gain_1p1,I,3000,0.43793577547068324,-0.006270408026076979,0.3560785974423194,0.5670222762699685,0.49999999999999994,0.042605336755514145
week5-m3-f10-seed29,M3,29,gain_1p1,Finland,4000,0.2930659219448212,0.005615254743488007,0.21780514243747304,0.41352657004830917,0.49999999999999994,0.02828958071768284
week5-m3-f10-seed29,M3,29,gain_1p1,Portugal,4000,0.28114575536061964,0.0007392325553595147,0.23450331194892376,0.35209399279893877,0.49999999999999994,0.03666522353887558
week5-m4-f10-seed29,M4,29,clean,I,3000,0.43310585583206196,,0.36399703547146156,0.568324231100891,0.5499999999999999,0.0
week5-m4-f10-seed29,M4,29,clean,Finland,4000,0.2894357741396475,,0.19462157390570745,0.38791791560986855,0.5499999999999999,0.0
week5-m4-f10-seed29,M4,29,clean,Portugal,4000,0.28837518019743236,,0.2152504804657017,0.3400568566400433,0.5499999999999999,0.0
week5-m4-f10-seed29,M4,29,missing_b08,I,3000,0.4092655899054496,0.02384026592661237,0.3214761656781853,0.5052089570111364,0.5499999999999999,0.15279841423034668
week5-m4-f10-seed29,M4,29,missing_b08,Finland,4000,0.27376885576300886,0.01566691837663864,0.16960145177939095,0.3408433334914386,0.5499999999999999,0.059284090995788574
week5-m4-f10-seed29,M4,29,missing_b08,Portugal,4000,0.2934597799482226,-0.005084599750790231,0.2197154258464653,0.3576461974924499,0.5499999999999999,0.0530511699616909
week5-m4-f10-seed29,M4,29,missing_red_edge,I,3000,0.37357934391457515,0.05952651191748681,0.3190821831427588,0.48996733551096594,0.5499999999999999,0.16302603483200073
week5-m4-f10-seed29,M4,29,missing_red_edge,Finland,4000,0.27390525205106775,0.015530522088579746,0.17250895969241778,0.3781129080265899,0.5499999999999999,0.12279251217842102
week5-m4-f10-seed29,M4,29,missing_red_edge,Portugal,4000,0.2644585505057468,0.023916629691685565,0.19735427053557475,0.33032083145051966,0.5499999999999999,0.11014775931835175
week5-m4-f10-seed29,M4,29,missing_swir,I,3000,0.37645597722953994,0.05664987860252202,0.28219703763415016,0.4744186046511628,0.5499999999999999,0.22507232427597046
week5-m4-f10-seed29,M4,29,missing_swir,Finland,4000,0.2752232848487647,0.014212489290882813,0.17993801569402082,0.3002708508452414,0.5499999999999999,0.19692401587963104
week5-m4-f10-seed29,M4,29,missing_swir,Portugal,4000,0.2752988354778365,0.013076344719595845,0.19158702272753256,0.34961522883758606,0.5499999999999999,0.30565983057022095
week5-m4-f10-seed29,M4,29,gain_0p9,I,3000,0.4100011443534872,0.023104711478574735,0.3535112856474941,0.5443575418994413,0.5499999999999999,0.06783334165811539
week5-m4-f10-seed29,M4,29,gain_0p9,Finland,4000,0.2928783751730409,-0.0034426010333933887,0.19852241193897494,0.4135889612459584,0.5499999999999999,0.031032076105475426
week5-m4-f10-seed29,M4,29,gain_0p9,Portugal,4000,0.2930401396798473,-0.004664959482414965,0.22436869579865013,0.35193621867881547,0.5499999999999999,0.039409417659044266
week5-m4-f10-seed29,M4,29,gain_1p1,I,3000,0.4322651093784821,0.0008407464535798437,0.35488805914394717,0.5608972486710673,0.5499999999999999,0.047164496034383774
week5-m4-f10-seed29,M4,29,gain_1p1,Finland,4000,0.2840940081670369,0.0053417659726106015,0.18922169992343196,0.3560591871136917,0.5499999999999999,0.02785012498497963
week5-m4-f10-seed29,M4,29,gain_1p1,Portugal,4000,0.2881961935081821,0.00017898668925026007,0.208658134733622,0.33242076933784975,0.5499999999999999,0.02789972350001335
week5-m3-f10-seed43,M3,43,clean,I,3000,0.41960664146099214,,0.3612278268477762,0.5582221265604821,0.49999999999999994,0.0
week5-m3-f10-seed43,M3,43,clean,Finland,4000,0.2911950629554242,,0.22071597306863108,0.45049821738732976,0.49999999999999994,0.0
week5-m3-f10-seed43,M3,43,clean,Portugal,4000,0.2836164166474595,,0.23265874396367564,0.369792255778004,0.49999999999999994,0.0
week5-m3-f10-seed43,M3,43,missing_b08,I,3000,0.3862800740436302,0.03332656741736195,0.30842463809957876,0.4999433812705243,0.49999999999999994,0.1806323081254959
week5-m3-f10-seed43,M3,43,missing_b08,Finland,4000,0.27068870375038623,0.02050635920503796,0.17032004037103354,0.4141048824593128,0.49999999999999994,0.06293383240699768
week5-m3-f10-seed43,M3,43,missing_b08,Portugal,4000,0.2771854386428202,0.006430978004639321,0.20780253635283036,0.33985098899436483,0.49999999999999994,0.09194709360599518
week5-m3-f10-seed43,M3,43,missing_red_edge,I,3000,0.3169770172789047,0.10262962418208743,0.21853843823955058,0.3793689195449632,0.49999999999999994,0.4441468417644501
week5-m3-f10-seed43,M3,43,missing_red_edge,Finland,4000,0.18439851434796295,0.10679654860746124,0.12831183864930723,0.33861102676441246,0.49999999999999994,0.3119247853755951
week5-m3-f10-seed43,M3,43,missing_red_edge,Portugal,4000,0.21180176748629798,0.07181464916116154,0.12268142958376915,0.22965911918387658,0.49999999999999994,0.42105725407600403
week5-m3-f10-seed43,M3,43,missing_swir,I,3000,0.26185813251661855,0.1577485089443736,0.20316756094460908,0.40250115794349234,0.49999999999999994,0.44469860196113586
week5-m3-f10-seed43,M3,43,missing_swir,Finland,4000,0.23821699177272737,0.05297807118269682,0.11315272462082866,0.22659123055162658,0.49999999999999994,0.40010204911231995
week5-m3-f10-seed43,M3,43,missing_swir,Portugal,4000,0.21534659705792925,0.06826981958953027,0.14778216125352067,0.33377792597532513,0.49999999999999994,0.4715847373008728
week5-m3-f10-seed43,M3,43,gain_0p9,I,3000,0.41347811910249843,0.006128522358493704,0.3561281551885421,0.5492233646904398,0.49999999999999994,0.05227277800440788
week5-m3-f10-seed43,M3,43,gain_0p9,Finland,4000,0.29623912852076784,-0.005044065565343647,0.217886894390017,0.4644736842105263,0.49999999999999994,0.03268168494105339
week5-m3-f10-seed43,M3,43,gain_0p9,Portugal,4000,0.28949446618354735,-0.005878049536087837,0.2363558598292668,0.3707686951139309,0.49999999999999994,0.05459048971533775
week5-m3-f10-seed43,M3,43,gain_1p1,I,3000,0.416624028497204,0.002982612963788156,0.35574230723668454,0.5589178030097246,0.49999999999999994,0.04141562059521675
week5-m3-f10-seed43,M3,43,gain_1p1,Finland,4000,0.2878778281229518,0.003317234832472371,0.21721467000399503,0.42763480665447573,0.49999999999999994,0.030086509883403778
week5-m3-f10-seed43,M3,43,gain_1p1,Portugal,4000,0.27983946398714477,0.0037769526603147474,0.22991539843991363,0.3645071468349731,0.49999999999999994,0.040481265634298325
week5-m4-f10-seed43,M4,43,clean,I,3000,0.410092575218891,,0.35469274689180197,0.560994305738064,0.49999999999999994,0.0
week5-m4-f10-seed43,M4,43,clean,Finland,4000,0.28808669381849805,,0.20061675398807555,0.4005085823267641,0.49999999999999994,0.0
week5-m4-f10-seed43,M4,43,clean,Portugal,4000,0.2835379554169657,,0.22314912362728223,0.34661164894461194,0.49999999999999994,0.0
week5-m4-f10-seed43,M4,43,missing_b08,I,3000,0.38879908966421634,0.02129348555467464,0.33909249760869914,0.5397601583420655,0.49999999999999994,0.1070057600736618
week5-m4-f10-seed43,M4,43,missing_b08,Finland,4000,0.2908765253498199,-0.0027898315313218403,0.19942565779852817,0.3934377478191911,0.49999999999999994,0.06983568519353867
week5-m4-f10-seed43,M4,43,missing_b08,Portugal,4000,0.2881472090293269,-0.004609253612361197,0.219527912370602,0.35256827048114436,0.49999999999999994,0.032864123582839966
week5-m4-f10-seed43,M4,43,missing_red_edge,I,3000,0.32487635249619207,0.08521622272269891,0.23931246301247924,0.4071246819338422,0.49999999999999994,0.2767431139945984
week5-m4-f10-seed43,M4,43,missing_red_edge,Finland,4000,0.22775597876603698,0.06033071505246107,0.10128091621470076,0.17784315714720503,0.49999999999999994,0.34560680389404297
week5-m4-f10-seed43,M4,43,missing_red_edge,Portugal,4000,0.24732701359993825,0.03621094181702744,0.1686915530810338,0.3217812197483059,0.49999999999999994,0.22694870829582214
week5-m4-f10-seed43,M4,43,missing_swir,I,3000,0.3453593740630553,0.0647332011558357,0.30576116970837053,0.49763085399449036,0.49999999999999994,0.1694926619529724
week5-m4-f10-seed43,M4,43,missing_swir,Finland,4000,0.24855369736867544,0.03953299644982261,0.14525628365184684,0.26312800123922137,0.49999999999999994,0.23008745908737183
week5-m4-f10-seed43,M4,43,missing_swir,Portugal,4000,0.27660011036612075,0.006937845050844937,0.2094196051379305,0.3627980922098569,0.49999999999999994,0.14499320089817047
week5-m4-f10-seed43,M4,43,gain_0p9,I,3000,0.4182175199584807,-0.008124944739589746,0.34982110397095134,0.5561087705859824,0.49999999999999994,0.05503776669502258
week5-m4-f10-seed43,M4,43,gain_0p9,Finland,4000,0.30095658814899084,-0.012869894330492793,0.2072585159098657,0.449694821815318,0.49999999999999994,0.04469364136457443
week5-m4-f10-seed43,M4,43,gain_0p9,Portugal,4000,0.2882697984632483,-0.004731843046282602,0.23076000867418547,0.361452491747206,0.49999999999999994,0.04799484461545944
week5-m4-f10-seed43,M4,43,gain_1p1,I,3000,0.40036273406861267,0.009729841150278307,0.35379522359626886,0.5636303847418612,0.49999999999999994,0.036849185824394226
week5-m4-f10-seed43,M4,43,gain_1p1,Finland,4000,0.28027609497446176,0.007810598844036287,0.18659680918572677,0.3447571824413009,0.49999999999999994,0.04679684340953827
week5-m4-f10-seed43,M4,43,gain_1p1,Portugal,4000,0.2811171469679064,0.0024208084490592863,0.21540470101501824,0.33512266889339537,0.49999999999999994,0.03391595557332039
week5-m3-f10-seed17,M3,17,clean,OOD,8000,0.2913256847652662,,,,0.44999999999999996,0.0
week5-m3-f10-seed17,M3,17,gain_0p9,OOD,8000,0.2912640980897773,6.158667548888941e-05,,,0.44999999999999996,0.050579387694597244
week5-m3-f10-seed17,M3,17,gain_1p1,OOD,8000,0.28975452387009276,0.0015711608951734513,,,0.44999999999999996,0.04931842163205147
week5-m3-f10-seed17,M3,17,missing_b08,OOD,8000,0.2597786680478137,0.03154701671745251,,,0.44999999999999996,0.1433102712035179
week5-m3-f10-seed17,M3,17,missing_red_edge,OOD,8000,0.21327749978735205,0.07804818497791415,,,0.44999999999999996,0.4749300628900528
week5-m3-f10-seed17,M3,17,missing_swir,OOD,8000,0.2354411826464556,0.0558845021188106,,,0.44999999999999996,0.410249263048172
week5-m3-f10-seed29,M3,29,clean,OOD,8000,0.29028308230214417,,,,0.49999999999999994,0.0
week5-m3-f10-seed29,M3,29,gain_0p9,OOD,8000,0.29505316045348073,-0.004770078151336593,,,0.49999999999999994,0.04168420098721981
week5-m3-f10-seed29,M3,29,gain_1p1,OOD,8000,0.28710583865272044,0.003177243649423761,,,0.49999999999999994,0.03247740212827921
week5-m3-f10-seed29,M3,29,missing_b08,OOD,8000,0.2765971852003093,0.013685897101834876,,,0.49999999999999994,0.1305759698152542
week5-m3-f10-seed29,M3,29,missing_red_edge,OOD,8000,0.19852154340164813,0.09176153890049604,,,0.49999999999999994,0.4101201742887497
week5-m3-f10-seed29,M3,29,missing_swir,OOD,8000,0.23638078109305188,0.053902301209092285,,,0.49999999999999994,0.4497498571872711
week5-m3-f10-seed43,M3,43,clean,OOD,8000,0.28740573980144185,,,,0.49999999999999994,0.0
week5-m3-f10-seed43,M3,43,gain_0p9,OOD,8000,0.2928667973521576,-0.005461057550715742,,,0.49999999999999994,0.04363608732819557
week5-m3-f10-seed43,M3,43,gain_1p1,OOD,8000,0.2838586460550483,0.0035470937463935592,,,0.49999999999999994,0.03528388775885105
week5-m3-f10-seed43,M3,43,missing_b08,OOD,8000,0.2739370711966032,0.01346866860483864,,,0.49999999999999994,0.07744046300649643
week5-m3-f10-seed43,M3,43,missing_red_edge,OOD,8000,0.19810014091713046,0.08930559888431139,,,0.49999999999999994,0.36649101972579956
week5-m3-f10-seed43,M3,43,missing_swir,OOD,8000,0.2267817944153283,0.06062394538611354,,,0.49999999999999994,0.4358433932065964
week5-m4-f10-seed17,M4,17,clean,OOD,8000,0.2762823215830563,,,,0.44999999999999996,0.0
week5-m4-f10-seed17,M4,17,gain_0p9,OOD,8000,0.27818865478347615,-0.0019063332004198574,,,0.44999999999999996,0.056646959856152534
week5-m4-f10-seed17,M4,17,gain_1p1,OOD,8000,0.27566371800376077,0.0006186035792955513,,,0.44999999999999996,0.04704715684056282
week5-m4-f10-seed17,M4,17,missing_b08,OOD,8000,0.2591974540878309,0.017084867495225364,,,0.44999999999999996,0.20811982452869415
week5-m4-f10-seed17,M4,17,missing_red_edge,OOD,8000,0.2033483365697437,0.07293398501331261,,,0.44999999999999996,0.26534077525138855
week5-m4-f10-seed17,M4,17,missing_swir,OOD,8000,0.28201751794572755,-0.005735196362671252,,,0.44999999999999996,0.2272600755095482
week5-m4-f10-seed29,M4,29,clean,OOD,8000,0.2889054771685399,,,,0.5499999999999999,0.0
week5-m4-f10-seed29,M4,29,gain_0p9,OOD,8000,0.29295925742644413,-0.004053780257904177,,,0.5499999999999999,0.035220746882259846
week5-m4-f10-seed29,M4,29,gain_1p1,OOD,8000,0.28614510083760947,0.0027603763309304308,,,0.5499999999999999,0.02787492424249649
week5-m4-f10-seed29,M4,29,missing_b08,OOD,8000,0.28361431785561575,0.005291159312924204,,,0.5499999999999999,0.05616763047873974
week5-m4-f10-seed29,M4,29,missing_red_edge,OOD,8000,0.26918190127840724,0.019723575890132655,,,0.5499999999999999,0.11647013574838638
week5-m4-f10-seed29,M4,29,missing_swir,OOD,8000,0.2752610601633006,0.013644417005239329,,,0.5499999999999999,0.251291923224926
week5-m4-f10-seed43,M4,43,clean,OOD,8000,0.28581232461773187,,,,0.49999999999999994,0.0
week5-m4-f10-seed43,M4,43,gain_0p9,OOD,8000,0.29461319330611957,-0.008800868688387697,,,0.49999999999999994,0.04634424299001694
week5-m4-f10-seed43,M4,43,gain_1p1,OOD,8000,0.2806966209711841,0.005115703646547787,,,0.49999999999999994,0.04035639949142933
week5-m4-f10-seed43,M4,43,missing_b08,OOD,8000,0.2895118671895734,-0.0036995425718415187,,,0.49999999999999994,0.051349904388189316
week5-m4-f10-seed43,M4,43,missing_red_edge,OOD,8000,0.23754149618298762,0.048270828434744256,,,0.49999999999999994,0.28627775609493256
week5-m4-f10-seed43,M4,43,missing_swir,OOD,8000,0.26257690386739807,0.023235420750333774,,,0.49999999999999994,0.18754032999277115
