stage,task_type,run_id,model_id,seed,fraction_code,status,elapsed_seconds,artifact_sha256,source_commit
week4,ssl_pretraining,week4-m2-seed17,M2,17,,success,1460.504698,15acfb61e69195840cf62de218cd6f84d90aa219effe2089bee0a4660eaad150,uncommitted
week4,ssl_pretraining,week4-m2-seed29,M2,29,,success,1494.981395,bd50f7625f62c2799ab083622eeda4b7ff2e7ea9c287ac9045b66fa109cee754,uncommitted
week4,ssl_pretraining,week4-m2-seed43,M2,43,,success,1489.031106,995e19808f5612b4cec97d9d74aa775cab68a604c7d4f2d8c9d911249782e043,uncommitted
week4,ssl_pretraining,week4-m3-seed17,M3,17,,success,2754.251245,a400d4e8ce2845bf1d368799b190a8f6765d9eafbd677b7356b6ae98019422c3,uncommitted
week4,ssl_pretraining,week4-m3-seed29,M3,29,,success,2856.516964,b6e6c68b17a86d00bc53409f9aa267c03d678db2e28e1a0446f26b9cbebe8a5b,uncommitted
week4,ssl_pretraining,week4-m3-seed43,M3,43,,success,2884.215936,f617b703157783d70e91e4a5e3172898fda8c89cc2c71b8e9912a978b3929709,uncommitted
week4,ssl_pretraining,week4-m4-seed17,M4,17,,success,2829.178183,28c3a05108ac0728b1c3bdf6945fb1d5201366116f822df2698fe4a94003a281,uncommitted
week4,ssl_pretraining,week4-m4-seed29,M4,29,,success,2861.340952,3b248b40a971c6368b9d4c72c17d95e05c362c8cecd1c63ecb6e1ca9575015f1,uncommitted
week4,ssl_pretraining,week4-m4-seed43,M4,43,,success,2872.920516,84e459ce3025ff8c7e373a3a93593b2b3c205fa091c22470dfefb48e7e532831,uncommitted
week5,downstream_anchor,week5-m0-f01-seed17,M0,17,01,success,171.2844809,63e9d5631b642dbac206fa363e776c604d671511272f39eb7f721052a2c1ddaa,634e2cd6774ebca7bc7edb2bb736230d4e741ec7
week5,downstream_anchor,week5-m0-f01-seed29,M0,29,01,success,168.3695269,952f912bf34bf974a57d30ea496d6b56bd3d604e5a361eed88b178eaa1dc1661,634e2cd6774ebca7bc7edb2bb736230d4e741ec7
week5,downstream_anchor,week5-m0-f01-seed43,M0,43,01,success,188.256838,64078b1d54981b4f694610cc931e0eca3378fc36ab9499cd956b815d8225e88d,634e2cd6774ebca7bc7edb2bb736230d4e741ec7
week5,downstream_anchor,week5-m0-f10-seed17,M0,17,10,success,145.4406365,e1be603842cd23d67cca446c8f8aeafc0eba6f042a7091ff253ce302900eef55,634e2cd6774ebca7bc7edb2bb736230d4e741ec7
week5,downstream_anchor,week5-m0-f10-seed29,M0,29,10,success,143.4641514,25c4b1103016da378d85e0cc0189ea6887c87bd850d01192831e8b424feaf0da,634e2cd6774ebca7bc7edb2bb736230d4e741ec7
week5,downstream_anchor,week5-m0-f10-seed43,M0,43,10,success,158.3118766,985777dfe428fa8dc6d3ad6b1dd3809a4dcf0d7ba8443be886958279f86aedda,634e2cd6774ebca7bc7edb2bb736230d4e741ec7
week5,downstream_anchor,week5-m0-f100-seed17,M0,17,100,success,502.7620131,c3008f608ecfd68cca50950c294af37909d15143071e4f2cf2245c541b496f06,634e2cd6774ebca7bc7edb2bb736230d4e741ec7
week5,downstream_anchor,week5-m0-f100-seed29,M0,29,100,success,497.7086856,e5c9f837740c44fb1e86603d6590f7f0b16eb4b6e00d34e41412e16361616b66,634e2cd6774ebca7bc7edb2bb736230d4e741ec7
week5,downstream_anchor,week5-m0-f100-seed43,M0,43,100,success,542.0612247,926a88e9600e179f4abd2eb51d216d46628a55adf772f44aa8d7ebf9ddbcde50,634e2cd6774ebca7bc7edb2bb736230d4e741ec7
week5,downstream_anchor,week5-m1-f01-seed17,M1,17,01,success,163.8443358,3af143ead8b30d24de5ca35f8b42e038e3dc7b72f552238728edeec21d58fe88,634e2cd6774ebca7bc7edb2bb736230d4e741ec7
week5,downstream_anchor,week5-m1-f01-seed29,M1,29,01,success,166.6745666,63d0c0f9ef90f9c1a17f73af735d2e680f022455c17aed38197ea49c6a94e064,634e2cd6774ebca7bc7edb2bb736230d4e741ec7
week5,downstream_anchor,week5-m1-f01-seed43,M1,43,01,success,181.206431,e05048c3a106a72278b297042b5b86e96523288897de392c189d2c37d87ac72b,634e2cd6774ebca7bc7edb2bb736230d4e741ec7
week5,downstream_anchor,week5-m1-f10-seed17,M1,17,10,success,141.421362,18f38dcb0924c90976bd59ab4e9247b3f9777a893baae99b5e8daec739f0a3af,634e2cd6774ebca7bc7edb2bb736230d4e741ec7
week5,downstream_anchor,week5-m1-f10-seed29,M1,29,10,success,139.9049519,7527855c6445982fdb61489d4ffb31343e2225341781384e2bc4c793da1061db,634e2cd6774ebca7bc7edb2bb736230d4e741ec7
week5,downstream_anchor,week5-m1-f10-seed43,M1,43,10,success,155.0959227,738a8cfe48a97553f789cdcd1e22a0d1ff2d7d135937d67c71a6c2eed8566631,634e2cd6774ebca7bc7edb2bb736230d4e741ec7
week5,downstream_anchor,week5-m1-f100-seed17,M1,17,100,success,476.1566132,ef356e138d64f4cff32a331e2f9e294e4952075397defff0eb98a8fa84d9f622,634e2cd6774ebca7bc7edb2bb736230d4e741ec7
week5,downstream_anchor,week5-m1-f100-seed29,M1,29,100,success,471.5617432,e981ff3a7907aafa47ec48df877a3ffbfc9702f826c4326565b0aa86abc06504,634e2cd6774ebca7bc7edb2bb736230d4e741ec7
week5,downstream_anchor,week5-m1-f100-seed43,M1,43,100,success,521.2497885,5f0b32ef25fc51ca9127f2bdf9c755c984bf20ca07dcd5a3b2796bdd98430fb3,634e2cd6774ebca7bc7edb2bb736230d4e741ec7
week5,downstream_anchor,week5-m2-f01-seed17,M2,17,01,success,108.5391231,6b2b9dcfadc5c5407e02787f4768c96d9380ea679e20a7f97078f05c30bb9c1b,634e2cd6774ebca7bc7edb2bb736230d4e741ec7
week5,downstream_anchor,week5-m2-f01-seed29,M2,29,01,success,106.6607207,f1b1c9118658b307aabcabc3e260dd1f4d95539fd34cf335da33a9d3c4fcfe2c,634e2cd6774ebca7bc7edb2bb736230d4e741ec7
week5,downstream_anchor,week5-m2-f01-seed43,M2,43,01,success,120.9760443,b0918d8597f93c4ece2672a927804ed8446b12973a77b9f15e7bcc2997a1e4a2,634e2cd6774ebca7bc7edb2bb736230d4e741ec7
week5,downstream_anchor,week5-m2-f10-seed17,M2,17,10,success,84.56607057,33d4d38ce3350e0f620fce808659d231f058f7ea7daf75d9b459ebbebd6b8cac,634e2cd6774ebca7bc7edb2bb736230d4e741ec7
week5,downstream_anchor,week5-m2-f10-seed29,M2,29,10,success,86.09181454,dfc34e250e7244617d8f7f4fb4ddf5192b6b73f85ff5d327a3e5772403303712,634e2cd6774ebca7bc7edb2bb736230d4e741ec7
week5,downstream_anchor,week5-m2-f10-seed43,M2,43,10,success,94.28545182,5a025f5703e24a56a875a1ef53a28315c271917f83ce7237a230cd383530fb7d,634e2cd6774ebca7bc7edb2bb736230d4e741ec7
week5,downstream_anchor,week5-m2-f100-seed17,M2,17,100,success,259.9822501,edc6dbeca9a9b8874e40a093cf415233fc0f87d057172a3545b09b4e887cea4d,634e2cd6774ebca7bc7edb2bb736230d4e741ec7
week5,downstream_anchor,week5-m2-f100-seed29,M2,29,100,success,258.8989464,61c4a643e0c6b0f79f0612cffd05f6d2d7e0b20dba5dde5a7c2e000d3b937b7b,634e2cd6774ebca7bc7edb2bb736230d4e741ec7
week5,downstream_anchor,week5-m2-f100-seed43,M2,43,100,success,289.0155712,e79e6f6b62f7f8adcbd4689059da9fcf44ff1ad74518f9e93b960e4e9e8204c0,634e2cd6774ebca7bc7edb2bb736230d4e741ec7
week5,downstream_anchor,week5-m3-f01-seed17,M3,17,01,success,166.8376079,975f5a9bf495fe04b8b34374bf92f56b66d1f4833aa5b0c6dc59f889f53a5c8e,634e2cd6774ebca7bc7edb2bb736230d4e741ec7
week5,downstream_anchor,week5-m3-f01-seed29,M3,29,01,success,168.7009594,29d58c5d98c5aa761c0bbc60cccb3744d99a7deb134edafc6aa95619e101e0e9,634e2cd6774ebca7bc7edb2bb736230d4e741ec7
week5,downstream_anchor,week5-m3-f01-seed43,M3,43,01,success,188.6736884,a26c16d9e08dec57986d8839055555ec17820f240aae8687e1989b69773c6da7,634e2cd6774ebca7bc7edb2bb736230d4e741ec7
week5,downstream_anchor,week5-m3-f10-seed17,M3,17,10,success,139.78333,e680e3f885a3c8942b594117880f956a167d6290d74d2bcf3125a5cb0b87db8d,634e2cd6774ebca7bc7edb2bb736230d4e741ec7
week5,downstream_anchor,week5-m3-f10-seed29,M3,29,10,success,144.8638062,1e9cd801aed56c4f1e987fbd5965e93a574880b9279991d1098fc117d49cf623,634e2cd6774ebca7bc7edb2bb736230d4e741ec7
week5,downstream_anchor,week5-m3-f10-seed43,M3,43,10,success,157.3627868,b9d7385cd49b7271e0cba07a1add38121b77934b10be9075ac1028280e5f1a80,634e2cd6774ebca7bc7edb2bb736230d4e741ec7
week5,downstream_anchor,week5-m3-f100-seed17,M3,17,100,success,474.158232,078ff4a58f83cbe6d408b2588ae75f0b482bf8b02e7d97b0d38f137d2d830770,634e2cd6774ebca7bc7edb2bb736230d4e741ec7
week5,downstream_anchor,week5-m3-f100-seed29,M3,29,100,success,472.9272611,a693d1a745a415958cfb7dab19bd195055376d0332d8e4fb45eefdacc4496be5,634e2cd6774ebca7bc7edb2bb736230d4e741ec7
week5,downstream_anchor,week5-m3-f100-seed43,M3,43,100,success,519.2906794,64f0a041ccec981a49725e081f41bcd9b7710aa7ed64ef386550f83a06e75fbb,634e2cd6774ebca7bc7edb2bb736230d4e741ec7
week5,downstream_anchor,week5-m4-f01-seed17,M4,17,01,success,165.1576973,d97b5409209cecb0c36d3d25d4964e8fc0c355c4090e4855ace92e648d96387d,634e2cd6774ebca7bc7edb2bb736230d4e741ec7
week5,downstream_anchor,week5-m4-f01-seed29,M4,29,01,success,166.3423392,2e263593b3115e755192859af3967a2ba46b70a12449fb34f58a51643621154a,634e2cd6774ebca7bc7edb2bb736230d4e741ec7
week5,downstream_anchor,week5-m4-f01-seed43,M4,43,01,success,183.1383755,6b0b454b088202fa2aa0024363f418c0f0e49cdc1324ea82d6de906d6ed3afa8,634e2cd6774ebca7bc7edb2bb736230d4e741ec7
week5,downstream_anchor,week5-m4-f10-seed17,M4,17,10,success,141.302927,b5f6fdea0e8b0752d9b26eadc3f5a97ff0651f0c7d68327249d026f273ebf6c8,634e2cd6774ebca7bc7edb2bb736230d4e741ec7
week5,downstream_anchor,week5-m4-f10-seed29,M4,29,10,success,144.1169219,7acdf492d9063511b44bc8bcc76f1332313e372b17aa563fc87a9ed5824e892b,634e2cd6774ebca7bc7edb2bb736230d4e741ec7
week5,downstream_anchor,week5-m4-f10-seed43,M4,43,10,success,154.370052,77136767301f2ad50724616de6830aca51efc08566ba36863b1c78831ceb74de,634e2cd6774ebca7bc7edb2bb736230d4e741ec7
week5,downstream_anchor,week5-m4-f100-seed17,M4,17,100,success,474.5580879,2bf88010ca4c199bbf113f3aeb44fbcbaf453bf8f88e8cd06caff911aaac689a,634e2cd6774ebca7bc7edb2bb736230d4e741ec7
week5,downstream_anchor,week5-m4-f100-seed29,M4,29,100,success,472.4419669,61089d119135dab771a39cb19cf61410c46744a2f37018541db1888c85478250,634e2cd6774ebca7bc7edb2bb736230d4e741ec7
week5,downstream_anchor,week5-m4-f100-seed43,M4,43,100,success,519.2769375,e0e5216663d1aeaa20aa92dcc142b493ff8206fa8291ecb6c17b106d16ff240b,634e2cd6774ebca7bc7edb2bb736230d4e741ec7
week6,downstream_curve,week6-m0-f05-seed17,M0,17,05,success,158.6558554,b4de0447ad931997171ce13daff93a15e0980145c16cb87a243f2b31e940570d,290ce812a5f2545e5e49c18a4195bc9a05bc294a
week6,downstream_curve,week6-m0-f05-seed29,M0,29,05,success,133.8297157,71a61cb4ff2c51459c9540529b2809eb78fc63ab6f8e98315bcd72f8bbc317d5,290ce812a5f2545e5e49c18a4195bc9a05bc294a
week6,downstream_curve,week6-m0-f05-seed43,M0,43,05,success,133.3363348,c0b4b139290a89166cae6a57d3a02b639df6f42aeae49b1045292a9058458a38,290ce812a5f2545e5e49c18a4195bc9a05bc294a
week6,downstream_curve,week6-m0-f25-seed17,M0,17,25,success,231.5957833,e357b960f8da7ff55d967d739e186e725f981d10e422a54baab559b19472bee0,290ce812a5f2545e5e49c18a4195bc9a05bc294a
week6,downstream_curve,week6-m0-f25-seed29,M0,29,25,success,200.316603,a59eb38dcee7a6a896fe2ffc6acc1bdf9435ef2ca4d80bb240c97afcac8ce082,290ce812a5f2545e5e49c18a4195bc9a05bc294a
week6,downstream_curve,week6-m0-f25-seed43,M0,43,25,success,202.097767,fcce1d50ba23ed79c5636815cc497441252f9a6b52531a8cb02c71e473e039e4,290ce812a5f2545e5e49c18a4195bc9a05bc294a
week6,downstream_curve,week6-m0-f50-seed17,M0,17,50,success,342.9879168,9c86c497a666e5c51bb6011453a19164c73fc2d1c27bbffac3a718cc4fd1e7ed,290ce812a5f2545e5e49c18a4195bc9a05bc294a
week6,downstream_curve,week6-m0-f50-seed29,M0,29,50,success,288.7197917,6af207c6c38fe41c582946a8aaa1d06df7fad98e0685851654ff68acce575619,290ce812a5f2545e5e49c18a4195bc9a05bc294a
week6,downstream_curve,week6-m0-f50-seed43,M0,43,50,success,294.0576697,f70b2b656211028bf75f41f1d03c0542bd1c1eff1aaf74c0ac8c3bb5210ed628,290ce812a5f2545e5e49c18a4195bc9a05bc294a
week6,downstream_curve,week6-m1-f05-seed17,M1,17,05,success,139.0141797,b918d7e88c7e028d89211e0b96243cd04ebebbf6683305f555d101feadb297eb,290ce812a5f2545e5e49c18a4195bc9a05bc294a
week6,downstream_curve,week6-m1-f05-seed29,M1,29,05,success,119.5960316,e5a309637b3db7d73690f2bee406cc7125b849794d72048f03a7d5832e86d78d,290ce812a5f2545e5e49c18a4195bc9a05bc294a
week6,downstream_curve,week6-m1-f05-seed43,M1,43,05,success,124.0583852,b5f9e274f5c5d9207fe696e2060fdc964e3ffdc91e2c4f27e3c576539e694cd0,290ce812a5f2545e5e49c18a4195bc9a05bc294a
week6,downstream_curve,week6-m1-f25-seed17,M1,17,25,success,215.838819,f6e89e625dfdec077ff365d4d2d026015b690a60354c4d1e35527c81a92058bc,290ce812a5f2545e5e49c18a4195bc9a05bc294a
week6,downstream_curve,week6-m1-f25-seed29,M1,29,25,success,188.3959433,1dc936ebdd504bf65f8e2ba642c7cbc49c2e744d62be21ad94d05fb86ff8b8a6,290ce812a5f2545e5e49c18a4195bc9a05bc294a
week6,downstream_curve,week6-m1-f25-seed43,M1,43,25,success,188.5057244,d05eed15f14e1cc42deea2f2afd688c3d9c9f7e2297874621a6a187e8fd96c0d,290ce812a5f2545e5e49c18a4195bc9a05bc294a
week6,downstream_curve,week6-m1-f50-seed17,M1,17,50,success,325.8704684,e242e7ba495bfae1cf340feba676e92b9eca73cd37aae327e1369ce879b3ba73,290ce812a5f2545e5e49c18a4195bc9a05bc294a
week6,downstream_curve,week6-m1-f50-seed29,M1,29,50,success,274.9718673,456f4238752857f9f0e735a830ca0239d54d32768fda6decbeebec98e5b6aecc,290ce812a5f2545e5e49c18a4195bc9a05bc294a
week6,downstream_curve,week6-m1-f50-seed43,M1,43,50,success,282.9744247,2e5fb852b8e1652ac89441ed354be8a2a26eb828da5ced0cfd1f5aca65717a73,290ce812a5f2545e5e49c18a4195bc9a05bc294a
week6,downstream_curve,week6-m1rgb-f10-seed17,M1RGB,17,10,success,101.7111854,f2dedbaf98ede26e594b383f0049539a3a6cc7f4e032a02599b09db4471d21b7,290ce812a5f2545e5e49c18a4195bc9a05bc294a
week6,downstream_curve,week6-m1rgb-f10-seed29,M1RGB,29,10,success,90.78768742,0c8f040a3b2ba4afd3f1ef044e4c971bc398ae90d75ed9e7e2dc67b43e872e50,290ce812a5f2545e5e49c18a4195bc9a05bc294a
week6,downstream_curve,week6-m1rgb-f10-seed43,M1RGB,43,10,success,89.78811703,1bcb3c8a22a106d837f16ce93329b1aa8e1c71a3701d4f8dee3fcb91801a61b4,290ce812a5f2545e5e49c18a4195bc9a05bc294a
week6,downstream_curve,week6-m2-f05-seed17,M2,17,05,success,86.23621328,fd2812a0dc04bd1a4eb5fe0152c1661eebfa5e96db1f2b05d1b81f1b8067031d,290ce812a5f2545e5e49c18a4195bc9a05bc294a
week6,downstream_curve,week6-m2-f05-seed29,M2,29,05,success,76.62477275,92d860cc95b7d71e35e2a9dd9e81fd1e02f3268efe8e0e348128c2c507a899ad,290ce812a5f2545e5e49c18a4195bc9a05bc294a
week6,downstream_curve,week6-m2-f05-seed43,M2,43,05,success,75.23737137,c80bc0662474ee6308f50271b7b323fad6aff10c28cf8f2435dce72e88ae82e9,290ce812a5f2545e5e49c18a4195bc9a05bc294a
week6,downstream_curve,week6-m2-f25-seed17,M2,17,25,success,133.054206,f95b8c8d035ce400462e2a7c74a1dd590f89017a1bc6d666dc968e28dc70c68e,290ce812a5f2545e5e49c18a4195bc9a05bc294a
week6,downstream_curve,week6-m2-f25-seed29,M2,29,25,success,116.3853326,a0039ed89c52c994ac3e9636fd41921d6b7471830fb5d38dceec6fd485f13535,290ce812a5f2545e5e49c18a4195bc9a05bc294a
week6,downstream_curve,week6-m2-f25-seed43,M2,43,25,success,116.8309346,abc5c9c29695c14141338b394dfd49048041f301e86fd19f69935857f79ae7e6,290ce812a5f2545e5e49c18a4195bc9a05bc294a
week6,downstream_curve,week6-m2-f50-seed17,M2,17,50,success,185.6504599,838305b638edc68df7dc03efceb82d69a428e419dd9ee6160cdad2554a551613,290ce812a5f2545e5e49c18a4195bc9a05bc294a
week6,downstream_curve,week6-m2-f50-seed29,M2,29,50,success,167.5346146,1a587fd501d5e5cc4ea8bb879d2ea65bcf4c0d14107c9d9cf620a92fd067393e,290ce812a5f2545e5e49c18a4195bc9a05bc294a
week6,downstream_curve,week6-m2-f50-seed43,M2,43,50,success,169.0163968,de357389a838b00be4f856949ff499db56b416e4a85c401989ea67c3b173b8e9,290ce812a5f2545e5e49c18a4195bc9a05bc294a
week6,downstream_curve,week6-m3-f05-seed17,M3,17,05,success,149.2204387,239eea5218e64cca84a76f37a16d9533a383198ea01265e4b2a56b3415983102,290ce812a5f2545e5e49c18a4195bc9a05bc294a
week6,downstream_curve,week6-m3-f05-seed29,M3,29,05,success,121.8738451,c0dbe4793588949408cd5925edbaedab003343423738f23eedc4cc68d7cdc686,290ce812a5f2545e5e49c18a4195bc9a05bc294a
week6,downstream_curve,week6-m3-f05-seed43,M3,43,05,success,126.3351514,6f233592f3c3783aa027fbd834dce4f71130ae93a6b7c95e93eb27625e164bef,290ce812a5f2545e5e49c18a4195bc9a05bc294a
week6,downstream_curve,week6-m3-f25-seed17,M3,17,25,success,223.0637926,9f1e794914e1197cdd5d4c6fe7d66b1590ed9bf7bc7e2d32aad320fa07317580,290ce812a5f2545e5e49c18a4195bc9a05bc294a
week6,downstream_curve,week6-m3-f25-seed29,M3,29,25,success,193.1782253,8cfb6d42ba115cd6278f355aaeb85b42b053f0594b2377153c32ae566f1db894,290ce812a5f2545e5e49c18a4195bc9a05bc294a
week6,downstream_curve,week6-m3-f25-seed43,M3,43,25,success,195.08552,07da9fe39c0c936ec179302a275ce159542765d76e8118ec00e79cc7d7ae637e,290ce812a5f2545e5e49c18a4195bc9a05bc294a
week6,downstream_curve,week6-m3-f50-seed17,M3,17,50,success,328.1394221,1cc7bd57a77252d0d67bddd44fa723e8b4f1b8f73413ef0819487c98829fee13,290ce812a5f2545e5e49c18a4195bc9a05bc294a
week6,downstream_curve,week6-m3-f50-seed29,M3,29,50,success,283.2412764,eb9529b015d31fc88eb4ee6703fe8bc2abc74969f78a769695172baa3b29367a,290ce812a5f2545e5e49c18a4195bc9a05bc294a
week6,downstream_curve,week6-m3-f50-seed43,M3,43,50,success,290.3661025,823a1f6f65dae5a5388e2463e870fa16f436168ec3687c6535f747743a57412b,290ce812a5f2545e5e49c18a4195bc9a05bc294a
week6,downstream_curve,week6-m4-f05-seed17,M4,17,05,success,143.9559807,b86a18460972f7de2d9b9e61f9469e2364fac5f2657f4ac738cfc4691370c158,290ce812a5f2545e5e49c18a4195bc9a05bc294a
week6,downstream_curve,week6-m4-f05-seed29,M4,29,05,success,127.1691053,b9ac9d8f9466ce6174c9e5e6147acdac4ca5e9f3d960154aad9e479abfadc314,290ce812a5f2545e5e49c18a4195bc9a05bc294a
week6,downstream_curve,week6-m4-f05-seed43,M4,43,05,success,128.3041594,926ddbbe4b007eae4d2d2b5c9f3166c8381bcf8fa6981f671979ef66d3aeddca,290ce812a5f2545e5e49c18a4195bc9a05bc294a
week6,downstream_curve,week6-m4-f25-seed17,M4,17,25,success,217.4942184,cb5ca3d7ba0dd809513acca803ce357fa65868b06d33306add465b19d66943af,290ce812a5f2545e5e49c18a4195bc9a05bc294a
week6,downstream_curve,week6-m4-f25-seed29,M4,29,25,success,191.6577867,5f89fd3e9c98ca7a2de66495b25a7e54b6fdbcfcb81d0fbc11a5a6ca8b861166,290ce812a5f2545e5e49c18a4195bc9a05bc294a
week6,downstream_curve,week6-m4-f25-seed43,M4,43,25,success,195.6880353,bc4705fcdf7ed04ed2d8b81ffb1d35ad833b611813c020fab11bf68e81d6a287,290ce812a5f2545e5e49c18a4195bc9a05bc294a
week6,downstream_curve,week6-m4-f50-seed17,M4,17,50,success,327.7336012,bb87b61c3045206c8ce1f8036ad74eeb3e3ef1b6d6732c5fc88f90c77067f7c1,290ce812a5f2545e5e49c18a4195bc9a05bc294a
week6,downstream_curve,week6-m4-f50-seed29,M4,29,50,success,285.4160039,ff191d6fb15e076672e3bf74abf9a27543fb956f0854dc8f8746447193880630,290ce812a5f2545e5e49c18a4195bc9a05bc294a
week6,downstream_curve,week6-m4-f50-seed43,M4,43,50,success,289.4775844,356dd949419d42f00f1d9bc6ea195e0c98275391090c1ccdfa503f74edcbe282,290ce812a5f2545e5e49c18a4195bc9a05bc294a
week7,foundation_finetune,week7-m5-f01-seed17,M5,17,01,success,112.9820834,a0c8951b9c06a4d91f9e80b65b63b43f479aebe343e34e17a42e909bb08fbc56,4ac9af3644ce6dfe119fb0cb413151e6e20c58c7
week7,foundation_finetune,week7-m5-f01-seed29,M5,29,01,success,113.7960089,9ac910c61051e4f1b29f1ccfcfd4f94d156c4fc6cda15b3340b7a078cfa25ce9,4ac9af3644ce6dfe119fb0cb413151e6e20c58c7
week7,foundation_finetune,week7-m5-f01-seed43,M5,43,01,success,116.6703962,7eafa1edad6cedd7e460f28fcff3e06be576c1afb18007ce397eac53df161d9c,4ac9af3644ce6dfe119fb0cb413151e6e20c58c7
week7,foundation_finetune,week7-m5-f10-seed17,M5,17,10,success,140.1432809,cf7b0717fb5d62a8a0f24bdbafedb20739f4b11b9bd1f0a27e52fa193b0805b1,4ac9af3644ce6dfe119fb0cb413151e6e20c58c7
week7,foundation_finetune,week7-m5-f10-seed29,M5,29,10,success,142.5849393,914b0fec7c1ee2c5fccfc44a142dfba1c101a8e2a3b21c684dd9c20917c995c4,4ac9af3644ce6dfe119fb0cb413151e6e20c58c7
week7,foundation_finetune,week7-m5-f10-seed43,M5,43,10,success,144.0901262,2c33d9e4eb06b05adc297d17ae0b86967d549096146e0743e30f1a6bd558035c,4ac9af3644ce6dfe119fb0cb413151e6e20c58c7
week7,foundation_finetune,week7-m5-f100-seed17,M5,17,100,success,536.2557702,c05cf696aef756ace806027ce01c7d79f18d89c8344bed62e6c6fe809eab8755,4ac9af3644ce6dfe119fb0cb413151e6e20c58c7
week7,foundation_finetune,week7-m5-f100-seed29,M5,29,100,success,528.6517312,cde85ad9b5fe71202fcc803fa144cf14b50d404820f362e6becbf39ef1416956,4ac9af3644ce6dfe119fb0cb413151e6e20c58c7
week7,foundation_finetune,week7-m5-f100-seed43,M5,43,100,success,541.8948829,7ac986838491f8a4e008f017325c34c741ddedca443485533944bc1c364ccdea,4ac9af3644ce6dfe119fb0cb413151e6e20c58c7
week7,foundation_finetune,week7-m6-f01-seed17,M6,17,01,success,124.9261073,8a03698b194efa3d053e6751c1b7e2fbf5e2a0186890a0282a5e0f98f153f49e,4ac9af3644ce6dfe119fb0cb413151e6e20c58c7
week7,foundation_finetune,week7-m6-f01-seed29,M6,29,01,success,126.8479283,4383a338d3547451341b96e50801e0954b7f72bf0065f1cdf1dadd3b480a6d36,4ac9af3644ce6dfe119fb0cb413151e6e20c58c7
week7,foundation_finetune,week7-m6-f01-seed43,M6,43,01,success,133.6843119,a345ec8f84abdcb6dba525a4c6438bc14b85b45963b2c66fc6ac68ad8b1e2d97,4ac9af3644ce6dfe119fb0cb413151e6e20c58c7
week7,foundation_finetune,week7-m6-f10-seed17,M6,17,10,success,162.0692746,7cab9281629532db8a23a84e5e413426a4d66c7a32de9b7e9938a061590d6449,4ac9af3644ce6dfe119fb0cb413151e6e20c58c7
week7,foundation_finetune,week7-m6-f10-seed29,M6,29,10,success,165.3751378,18cbffb2ad27d0d9166918777268bef39bc1d5dfd2e141d7be853e6db49307ee,4ac9af3644ce6dfe119fb0cb413151e6e20c58c7
week7,foundation_finetune,week7-m6-f10-seed43,M6,43,10,success,171.0416607,c2824dca4a7bb0c09bc27f3742730254333122c8c0b39ff9b9acf95a1b8e84ea,4ac9af3644ce6dfe119fb0cb413151e6e20c58c7
week7,foundation_finetune,week7-m6-f100-seed17,M6,17,100,success,760.5118351,1bff8c3ef961abe02d2de492d6c2033d94455c0443cb83ac19c2472a386b3e37,4ac9af3644ce6dfe119fb0cb413151e6e20c58c7
week7,foundation_finetune,week7-m6-f100-seed29,M6,29,100,success,756.4809719,1140df1086dcb517901412de3ca2fb7bb3af1850d9f287e06b404e5b06fd00e5,4ac9af3644ce6dfe119fb0cb413151e6e20c58c7
week7,foundation_finetune,week7-m6-f100-seed43,M6,43,100,success,777.0147613,d77227aa0154ec4d00e69a7c51977c611965b89c9434f516b83948335d719c36,4ac9af3644ce6dfe119fb0cb413151e6e20c58c7
week8,frozen_evaluation,week5-m0-f01-seed17,M0,17,01,success,,,
week8,frozen_evaluation,week5-m0-f01-seed29,M0,29,01,success,,,
week8,frozen_evaluation,week5-m0-f01-seed43,M0,43,01,success,,,
week8,frozen_evaluation,week5-m0-f10-seed17,M0,17,10,success,,,
week8,frozen_evaluation,week5-m0-f10-seed29,M0,29,10,success,,,
week8,frozen_evaluation,week5-m0-f10-seed43,M0,43,10,success,,,
week8,frozen_evaluation,week5-m0-f100-seed17,M0,17,100,success,,,
week8,frozen_evaluation,week5-m0-f100-seed29,M0,29,100,success,,,
week8,frozen_evaluation,week5-m0-f100-seed43,M0,43,100,success,,,
week8,frozen_evaluation,week5-m1-f01-seed17,M1,17,01,success,,,
week8,frozen_evaluation,week5-m1-f01-seed29,M1,29,01,success,,,
week8,frozen_evaluation,week5-m1-f01-seed43,M1,43,01,success,,,
week8,frozen_evaluation,week5-m1-f10-seed17,M1,17,10,success,,,
week8,frozen_evaluation,week5-m1-f10-seed29,M1,29,10,success,,,
week8,frozen_evaluation,week5-m1-f10-seed43,M1,43,10,success,,,
week8,frozen_evaluation,week5-m1-f100-seed17,M1,17,100,success,,,
week8,frozen_evaluation,week5-m1-f100-seed29,M1,29,100,success,,,
week8,frozen_evaluation,week5-m1-f100-seed43,M1,43,100,success,,,
week8,frozen_evaluation,week5-m2-f01-seed17,M2,17,01,success,,,
week8,frozen_evaluation,week5-m2-f01-seed29,M2,29,01,success,,,
week8,frozen_evaluation,week5-m2-f01-seed43,M2,43,01,success,,,
week8,frozen_evaluation,week5-m2-f10-seed17,M2,17,10,success,,,
week8,frozen_evaluation,week5-m2-f10-seed29,M2,29,10,success,,,
week8,frozen_evaluation,week5-m2-f10-seed43,M2,43,10,success,,,
week8,frozen_evaluation,week5-m2-f100-seed17,M2,17,100,success,,,
week8,frozen_evaluation,week5-m2-f100-seed29,M2,29,100,success,,,
week8,frozen_evaluation,week5-m2-f100-seed43,M2,43,100,success,,,
week8,frozen_evaluation,week5-m3-f01-seed17,M3,17,01,success,,,
week8,frozen_evaluation,week5-m3-f01-seed29,M3,29,01,success,,,
week8,frozen_evaluation,week5-m3-f01-seed43,M3,43,01,success,,,
week8,frozen_evaluation,week5-m3-f10-seed17,M3,17,10,success,,,
week8,frozen_evaluation,week5-m3-f10-seed29,M3,29,10,success,,,
week8,frozen_evaluation,week5-m3-f10-seed43,M3,43,10,success,,,
week8,frozen_evaluation,week5-m3-f100-seed17,M3,17,100,success,,,
week8,frozen_evaluation,week5-m3-f100-seed29,M3,29,100,success,,,
week8,frozen_evaluation,week5-m3-f100-seed43,M3,43,100,success,,,
week8,frozen_evaluation,week5-m4-f01-seed17,M4,17,01,success,,,
week8,frozen_evaluation,week5-m4-f01-seed29,M4,29,01,success,,,
week8,frozen_evaluation,week5-m4-f01-seed43,M4,43,01,success,,,
week8,frozen_evaluation,week5-m4-f10-seed17,M4,17,10,success,,,
week8,frozen_evaluation,week5-m4-f10-seed29,M4,29,10,success,,,
week8,frozen_evaluation,week5-m4-f10-seed43,M4,43,10,success,,,
week8,frozen_evaluation,week5-m4-f100-seed17,M4,17,100,success,,,
week8,frozen_evaluation,week5-m4-f100-seed29,M4,29,100,success,,,
week8,frozen_evaluation,week5-m4-f100-seed43,M4,43,100,success,,,
week8,frozen_evaluation,week6-m0-f05-seed17,M0,17,05,success,,,
week8,frozen_evaluation,week6-m0-f05-seed29,M0,29,05,success,,,
week8,frozen_evaluation,week6-m0-f05-seed43,M0,43,05,success,,,
week8,frozen_evaluation,week6-m0-f25-seed17,M0,17,25,success,,,
week8,frozen_evaluation,week6-m0-f25-seed29,M0,29,25,success,,,
week8,frozen_evaluation,week6-m0-f25-seed43,M0,43,25,success,,,
week8,frozen_evaluation,week6-m0-f50-seed17,M0,17,50,success,,,
week8,frozen_evaluation,week6-m0-f50-seed29,M0,29,50,success,,,
week8,frozen_evaluation,week6-m0-f50-seed43,M0,43,50,success,,,
week8,frozen_evaluation,week6-m1-f05-seed17,M1,17,05,success,,,
week8,frozen_evaluation,week6-m1-f05-seed29,M1,29,05,success,,,
week8,frozen_evaluation,week6-m1-f05-seed43,M1,43,05,success,,,
week8,frozen_evaluation,week6-m1-f25-seed17,M1,17,25,success,,,
week8,frozen_evaluation,week6-m1-f25-seed29,M1,29,25,success,,,
week8,frozen_evaluation,week6-m1-f25-seed43,M1,43,25,success,,,
week8,frozen_evaluation,week6-m1-f50-seed17,M1,17,50,success,,,
week8,frozen_evaluation,week6-m1-f50-seed29,M1,29,50,success,,,
week8,frozen_evaluation,week6-m1-f50-seed43,M1,43,50,success,,,
week8,frozen_evaluation,week6-m1rgb-f10-seed17,M1RGB,17,10,success,,,
week8,frozen_evaluation,week6-m1rgb-f10-seed29,M1RGB,29,10,success,,,
week8,frozen_evaluation,week6-m1rgb-f10-seed43,M1RGB,43,10,success,,,
week8,frozen_evaluation,week6-m2-f05-seed17,M2,17,05,success,,,
week8,frozen_evaluation,week6-m2-f05-seed29,M2,29,05,success,,,
week8,frozen_evaluation,week6-m2-f05-seed43,M2,43,05,success,,,
week8,frozen_evaluation,week6-m2-f25-seed17,M2,17,25,success,,,
week8,frozen_evaluation,week6-m2-f25-seed29,M2,29,25,success,,,
week8,frozen_evaluation,week6-m2-f25-seed43,M2,43,25,success,,,
week8,frozen_evaluation,week6-m2-f50-seed17,M2,17,50,success,,,
week8,frozen_evaluation,week6-m2-f50-seed29,M2,29,50,success,,,
week8,frozen_evaluation,week6-m2-f50-seed43,M2,43,50,success,,,
week8,frozen_evaluation,week6-m3-f05-seed17,M3,17,05,success,,,
week8,frozen_evaluation,week6-m3-f05-seed29,M3,29,05,success,,,
week8,frozen_evaluation,week6-m3-f05-seed43,M3,43,05,success,,,
week8,frozen_evaluation,week6-m3-f25-seed17,M3,17,25,success,,,
week8,frozen_evaluation,week6-m3-f25-seed29,M3,29,25,success,,,
week8,frozen_evaluation,week6-m3-f25-seed43,M3,43,25,success,,,
week8,frozen_evaluation,week6-m3-f50-seed17,M3,17,50,success,,,
week8,frozen_evaluation,week6-m3-f50-seed29,M3,29,50,success,,,
week8,frozen_evaluation,week6-m3-f50-seed43,M3,43,50,success,,,
week8,frozen_evaluation,week6-m4-f05-seed17,M4,17,05,success,,,
week8,frozen_evaluation,week6-m4-f05-seed29,M4,29,05,success,,,
week8,frozen_evaluation,week6-m4-f05-seed43,M4,43,05,success,,,
week8,frozen_evaluation,week6-m4-f25-seed17,M4,17,25,success,,,
week8,frozen_evaluation,week6-m4-f25-seed29,M4,29,25,success,,,
week8,frozen_evaluation,week6-m4-f25-seed43,M4,43,25,success,,,
week8,frozen_evaluation,week6-m4-f50-seed17,M4,17,50,success,,,
week8,frozen_evaluation,week6-m4-f50-seed29,M4,29,50,success,,,
week8,frozen_evaluation,week6-m4-f50-seed43,M4,43,50,success,,,
week8,frozen_evaluation,week7-m5-f01-seed17,M5,17,01,success,,,
week8,frozen_evaluation,week7-m5-f01-seed29,M5,29,01,success,,,
week8,frozen_evaluation,week7-m5-f01-seed43,M5,43,01,success,,,
week8,frozen_evaluation,week7-m5-f10-seed17,M5,17,10,success,,,
week8,frozen_evaluation,week7-m5-f10-seed29,M5,29,10,success,,,
week8,frozen_evaluation,week7-m5-f10-seed43,M5,43,10,success,,,
week8,frozen_evaluation,week7-m5-f100-seed17,M5,17,100,success,,,
week8,frozen_evaluation,week7-m5-f100-seed29,M5,29,100,success,,,
week8,frozen_evaluation,week7-m5-f100-seed43,M5,43,100,success,,,
week8,frozen_evaluation,week7-m6-f01-seed17,M6,17,01,success,,,
week8,frozen_evaluation,week7-m6-f01-seed29,M6,29,01,success,,,
week8,frozen_evaluation,week7-m6-f01-seed43,M6,43,01,success,,,
week8,frozen_evaluation,week7-m6-f10-seed17,M6,17,10,success,,,
week8,frozen_evaluation,week7-m6-f10-seed29,M6,29,10,success,,,
week8,frozen_evaluation,week7-m6-f10-seed43,M6,43,10,success,,,
week8,frozen_evaluation,week7-m6-f100-seed17,M6,17,100,success,,,
week8,frozen_evaluation,week7-m6-f100-seed29,M6,29,100,success,,,
week8,frozen_evaluation,week7-m6-f100-seed43,M6,43,100,success,,,
week9,knn_probe,week7-m5-knn-f10-seed17,M5,17,10,success,,378efc536bfe05d979c3cac821c8f071fc24820f7268ebe526c9802f0d40a407,
week9,knn_probe,week7-m5-knn-f10-seed29,M5,29,10,success,,378efc536bfe05d979c3cac821c8f071fc24820f7268ebe526c9802f0d40a407,
week9,knn_probe,week7-m5-knn-f10-seed43,M5,43,10,success,,378efc536bfe05d979c3cac821c8f071fc24820f7268ebe526c9802f0d40a407,
week9,knn_probe,week7-m6-knn-f10-seed17,M6,17,10,success,,aecbc0d19650e3a4b97faa34d1a3a15ff348e4c94d0779ee383dcc89e81c0882,
week9,knn_probe,week7-m6-knn-f10-seed29,M6,29,10,success,,aecbc0d19650e3a4b97faa34d1a3a15ff348e4c94d0779ee383dcc89e81c0882,
week9,knn_probe,week7-m6-knn-f10-seed43,M6,43,10,success,,aecbc0d19650e3a4b97faa34d1a3a15ff348e4c94d0779ee383dcc89e81c0882,
week9,knn_probe,week9-m1-knn-f10-seed17,M1,17,10,success,,7c10325b8475abcaaced33a2329e1b9ab72e53158f2f3b48ae654f6d9eb18339,
week9,knn_probe,week9-m1-knn-f10-seed29,M1,29,10,success,,7c10325b8475abcaaced33a2329e1b9ab72e53158f2f3b48ae654f6d9eb18339,
week9,knn_probe,week9-m1-knn-f10-seed43,M1,43,10,success,,7c10325b8475abcaaced33a2329e1b9ab72e53158f2f3b48ae654f6d9eb18339,
week9,knn_probe,week9-m2-knn-f10-seed17,M2,17,10,success,,1650aea0f8b978f09965a63ac6a1c9372aa2d8a5d35d0d533a244170cb422bde,
week9,knn_probe,week9-m2-knn-f10-seed29,M2,29,10,success,,d377b5de1f3ddda1ddfe542eb47b6e618dddeaf31a2e9d38fc83a4c1a2721bcd,
week9,knn_probe,week9-m2-knn-f10-seed43,M2,43,10,success,,99bb73629172260c83144f08d794343fead7e59d75b35f568243198fb9dc04f2,
week9,knn_probe,week9-m3-knn-f10-seed17,M3,17,10,success,,29c9513932fec237c6e667f43cd6773119bf30e928ff5d24861f5b94cfdaf39e,
week9,knn_probe,week9-m3-knn-f10-seed29,M3,29,10,success,,2fede5c4314fe407dd17c546f7412c586b960258d871a06b7fc9baf5799af0ac,
week9,knn_probe,week9-m3-knn-f10-seed43,M3,43,10,success,,422eaac47816faabf3e4406008e5eaef656c60f8ad7a4c6f2752265d8db92c20,
week9,knn_probe,week9-m4-knn-f10-seed17,M4,17,10,success,,e62d947976f5ee8efc18d9dcc231c93d9c81c0ef00ff36f284117235613ef478,
week9,knn_probe,week9-m4-knn-f10-seed29,M4,29,10,success,,3abd99ef140bde5e9320aa3112afc43157fb57cde28562b66dba63f709bf39be,
week9,knn_probe,week9-m4-knn-f10-seed43,M4,43,10,success,,6c1e68de14aafeabc93e83e9dc5c2af5043a42f9914e399fbeec993a84a9cf57,
week9,linear_probe,week7-m5-linear-f01-seed17,M5,17,01,success,,378efc536bfe05d979c3cac821c8f071fc24820f7268ebe526c9802f0d40a407,
week9,linear_probe,week7-m5-linear-f01-seed29,M5,29,01,success,,378efc536bfe05d979c3cac821c8f071fc24820f7268ebe526c9802f0d40a407,
week9,linear_probe,week7-m5-linear-f01-seed43,M5,43,01,success,,378efc536bfe05d979c3cac821c8f071fc24820f7268ebe526c9802f0d40a407,
week9,linear_probe,week7-m5-linear-f05-seed17,M5,17,05,success,,378efc536bfe05d979c3cac821c8f071fc24820f7268ebe526c9802f0d40a407,
week9,linear_probe,week7-m5-linear-f05-seed29,M5,29,05,success,,378efc536bfe05d979c3cac821c8f071fc24820f7268ebe526c9802f0d40a407,
week9,linear_probe,week7-m5-linear-f05-seed43,M5,43,05,success,,378efc536bfe05d979c3cac821c8f071fc24820f7268ebe526c9802f0d40a407,
week9,linear_probe,week7-m5-linear-f10-seed17,M5,17,10,success,,378efc536bfe05d979c3cac821c8f071fc24820f7268ebe526c9802f0d40a407,
week9,linear_probe,week7-m5-linear-f10-seed29,M5,29,10,success,,378efc536bfe05d979c3cac821c8f071fc24820f7268ebe526c9802f0d40a407,
week9,linear_probe,week7-m5-linear-f10-seed43,M5,43,10,success,,378efc536bfe05d979c3cac821c8f071fc24820f7268ebe526c9802f0d40a407,
week9,linear_probe,week7-m5-linear-f100-seed17,M5,17,100,success,,378efc536bfe05d979c3cac821c8f071fc24820f7268ebe526c9802f0d40a407,
week9,linear_probe,week7-m5-linear-f100-seed29,M5,29,100,success,,378efc536bfe05d979c3cac821c8f071fc24820f7268ebe526c9802f0d40a407,
week9,linear_probe,week7-m5-linear-f100-seed43,M5,43,100,success,,378efc536bfe05d979c3cac821c8f071fc24820f7268ebe526c9802f0d40a407,
week9,linear_probe,week7-m5-linear-f25-seed17,M5,17,25,success,,378efc536bfe05d979c3cac821c8f071fc24820f7268ebe526c9802f0d40a407,
week9,linear_probe,week7-m5-linear-f25-seed29,M5,29,25,success,,378efc536bfe05d979c3cac821c8f071fc24820f7268ebe526c9802f0d40a407,
week9,linear_probe,week7-m5-linear-f25-seed43,M5,43,25,success,,378efc536bfe05d979c3cac821c8f071fc24820f7268ebe526c9802f0d40a407,
week9,linear_probe,week7-m5-linear-f50-seed17,M5,17,50,success,,378efc536bfe05d979c3cac821c8f071fc24820f7268ebe526c9802f0d40a407,
week9,linear_probe,week7-m5-linear-f50-seed29,M5,29,50,success,,378efc536bfe05d979c3cac821c8f071fc24820f7268ebe526c9802f0d40a407,
week9,linear_probe,week7-m5-linear-f50-seed43,M5,43,50,success,,378efc536bfe05d979c3cac821c8f071fc24820f7268ebe526c9802f0d40a407,
week9,linear_probe,week7-m6-linear-f01-seed17,M6,17,01,success,,aecbc0d19650e3a4b97faa34d1a3a15ff348e4c94d0779ee383dcc89e81c0882,
week9,linear_probe,week7-m6-linear-f01-seed29,M6,29,01,success,,aecbc0d19650e3a4b97faa34d1a3a15ff348e4c94d0779ee383dcc89e81c0882,
week9,linear_probe,week7-m6-linear-f01-seed43,M6,43,01,success,,aecbc0d19650e3a4b97faa34d1a3a15ff348e4c94d0779ee383dcc89e81c0882,
week9,linear_probe,week7-m6-linear-f05-seed17,M6,17,05,success,,aecbc0d19650e3a4b97faa34d1a3a15ff348e4c94d0779ee383dcc89e81c0882,
week9,linear_probe,week7-m6-linear-f05-seed29,M6,29,05,success,,aecbc0d19650e3a4b97faa34d1a3a15ff348e4c94d0779ee383dcc89e81c0882,
week9,linear_probe,week7-m6-linear-f05-seed43,M6,43,05,success,,aecbc0d19650e3a4b97faa34d1a3a15ff348e4c94d0779ee383dcc89e81c0882,
week9,linear_probe,week7-m6-linear-f10-seed17,M6,17,10,success,,aecbc0d19650e3a4b97faa34d1a3a15ff348e4c94d0779ee383dcc89e81c0882,
week9,linear_probe,week7-m6-linear-f10-seed29,M6,29,10,success,,aecbc0d19650e3a4b97faa34d1a3a15ff348e4c94d0779ee383dcc89e81c0882,
week9,linear_probe,week7-m6-linear-f10-seed43,M6,43,10,success,,aecbc0d19650e3a4b97faa34d1a3a15ff348e4c94d0779ee383dcc89e81c0882,
week9,linear_probe,week7-m6-linear-f100-seed17,M6,17,100,success,,aecbc0d19650e3a4b97faa34d1a3a15ff348e4c94d0779ee383dcc89e81c0882,
week9,linear_probe,week7-m6-linear-f100-seed29,M6,29,100,success,,aecbc0d19650e3a4b97faa34d1a3a15ff348e4c94d0779ee383dcc89e81c0882,
week9,linear_probe,week7-m6-linear-f100-seed43,M6,43,100,success,,aecbc0d19650e3a4b97faa34d1a3a15ff348e4c94d0779ee383dcc89e81c0882,
week9,linear_probe,week7-m6-linear-f25-seed17,M6,17,25,success,,aecbc0d19650e3a4b97faa34d1a3a15ff348e4c94d0779ee383dcc89e81c0882,
week9,linear_probe,week7-m6-linear-f25-seed29,M6,29,25,success,,aecbc0d19650e3a4b97faa34d1a3a15ff348e4c94d0779ee383dcc89e81c0882,
week9,linear_probe,week7-m6-linear-f25-seed43,M6,43,25,success,,aecbc0d19650e3a4b97faa34d1a3a15ff348e4c94d0779ee383dcc89e81c0882,
week9,linear_probe,week7-m6-linear-f50-seed17,M6,17,50,success,,aecbc0d19650e3a4b97faa34d1a3a15ff348e4c94d0779ee383dcc89e81c0882,
week9,linear_probe,week7-m6-linear-f50-seed29,M6,29,50,success,,aecbc0d19650e3a4b97faa34d1a3a15ff348e4c94d0779ee383dcc89e81c0882,
week9,linear_probe,week7-m6-linear-f50-seed43,M6,43,50,success,,aecbc0d19650e3a4b97faa34d1a3a15ff348e4c94d0779ee383dcc89e81c0882,
week9,linear_probe,week9-m1-linear-f01-seed17,M1,17,01,success,,7c10325b8475abcaaced33a2329e1b9ab72e53158f2f3b48ae654f6d9eb18339,
week9,linear_probe,week9-m1-linear-f01-seed29,M1,29,01,success,,7c10325b8475abcaaced33a2329e1b9ab72e53158f2f3b48ae654f6d9eb18339,
week9,linear_probe,week9-m1-linear-f01-seed43,M1,43,01,success,,7c10325b8475abcaaced33a2329e1b9ab72e53158f2f3b48ae654f6d9eb18339,
week9,linear_probe,week9-m1-linear-f05-seed17,M1,17,05,success,,7c10325b8475abcaaced33a2329e1b9ab72e53158f2f3b48ae654f6d9eb18339,
week9,linear_probe,week9-m1-linear-f05-seed29,M1,29,05,success,,7c10325b8475abcaaced33a2329e1b9ab72e53158f2f3b48ae654f6d9eb18339,
week9,linear_probe,week9-m1-linear-f05-seed43,M1,43,05,success,,7c10325b8475abcaaced33a2329e1b9ab72e53158f2f3b48ae654f6d9eb18339,
week9,linear_probe,week9-m1-linear-f10-seed17,M1,17,10,success,,7c10325b8475abcaaced33a2329e1b9ab72e53158f2f3b48ae654f6d9eb18339,
week9,linear_probe,week9-m1-linear-f10-seed29,M1,29,10,success,,7c10325b8475abcaaced33a2329e1b9ab72e53158f2f3b48ae654f6d9eb18339,
week9,linear_probe,week9-m1-linear-f10-seed43,M1,43,10,success,,7c10325b8475abcaaced33a2329e1b9ab72e53158f2f3b48ae654f6d9eb18339,
week9,linear_probe,week9-m1-linear-f100-seed17,M1,17,100,success,,7c10325b8475abcaaced33a2329e1b9ab72e53158f2f3b48ae654f6d9eb18339,
week9,linear_probe,week9-m1-linear-f100-seed29,M1,29,100,success,,7c10325b8475abcaaced33a2329e1b9ab72e53158f2f3b48ae654f6d9eb18339,
week9,linear_probe,week9-m1-linear-f100-seed43,M1,43,100,success,,7c10325b8475abcaaced33a2329e1b9ab72e53158f2f3b48ae654f6d9eb18339,
week9,linear_probe,week9-m1-linear-f25-seed17,M1,17,25,success,,7c10325b8475abcaaced33a2329e1b9ab72e53158f2f3b48ae654f6d9eb18339,
week9,linear_probe,week9-m1-linear-f25-seed29,M1,29,25,success,,7c10325b8475abcaaced33a2329e1b9ab72e53158f2f3b48ae654f6d9eb18339,
week9,linear_probe,week9-m1-linear-f25-seed43,M1,43,25,success,,7c10325b8475abcaaced33a2329e1b9ab72e53158f2f3b48ae654f6d9eb18339,
week9,linear_probe,week9-m1-linear-f50-seed17,M1,17,50,success,,7c10325b8475abcaaced33a2329e1b9ab72e53158f2f3b48ae654f6d9eb18339,
week9,linear_probe,week9-m1-linear-f50-seed29,M1,29,50,success,,7c10325b8475abcaaced33a2329e1b9ab72e53158f2f3b48ae654f6d9eb18339,
week9,linear_probe,week9-m1-linear-f50-seed43,M1,43,50,success,,7c10325b8475abcaaced33a2329e1b9ab72e53158f2f3b48ae654f6d9eb18339,
week9,linear_probe,week9-m2-linear-f01-seed17,M2,17,01,success,,1650aea0f8b978f09965a63ac6a1c9372aa2d8a5d35d0d533a244170cb422bde,
week9,linear_probe,week9-m2-linear-f01-seed29,M2,29,01,success,,d377b5de1f3ddda1ddfe542eb47b6e618dddeaf31a2e9d38fc83a4c1a2721bcd,
week9,linear_probe,week9-m2-linear-f01-seed43,M2,43,01,success,,99bb73629172260c83144f08d794343fead7e59d75b35f568243198fb9dc04f2,
week9,linear_probe,week9-m2-linear-f05-seed17,M2,17,05,success,,1650aea0f8b978f09965a63ac6a1c9372aa2d8a5d35d0d533a244170cb422bde,
week9,linear_probe,week9-m2-linear-f05-seed29,M2,29,05,success,,d377b5de1f3ddda1ddfe542eb47b6e618dddeaf31a2e9d38fc83a4c1a2721bcd,
week9,linear_probe,week9-m2-linear-f05-seed43,M2,43,05,success,,99bb73629172260c83144f08d794343fead7e59d75b35f568243198fb9dc04f2,
week9,linear_probe,week9-m2-linear-f10-seed17,M2,17,10,success,,1650aea0f8b978f09965a63ac6a1c9372aa2d8a5d35d0d533a244170cb422bde,
week9,linear_probe,week9-m2-linear-f10-seed29,M2,29,10,success,,d377b5de1f3ddda1ddfe542eb47b6e618dddeaf31a2e9d38fc83a4c1a2721bcd,
week9,linear_probe,week9-m2-linear-f10-seed43,M2,43,10,success,,99bb73629172260c83144f08d794343fead7e59d75b35f568243198fb9dc04f2,
week9,linear_probe,week9-m2-linear-f100-seed17,M2,17,100,success,,1650aea0f8b978f09965a63ac6a1c9372aa2d8a5d35d0d533a244170cb422bde,
week9,linear_probe,week9-m2-linear-f100-seed29,M2,29,100,success,,d377b5de1f3ddda1ddfe542eb47b6e618dddeaf31a2e9d38fc83a4c1a2721bcd,
week9,linear_probe,week9-m2-linear-f100-seed43,M2,43,100,success,,99bb73629172260c83144f08d794343fead7e59d75b35f568243198fb9dc04f2,
week9,linear_probe,week9-m2-linear-f25-seed17,M2,17,25,success,,1650aea0f8b978f09965a63ac6a1c9372aa2d8a5d35d0d533a244170cb422bde,
week9,linear_probe,week9-m2-linear-f25-seed29,M2,29,25,success,,d377b5de1f3ddda1ddfe542eb47b6e618dddeaf31a2e9d38fc83a4c1a2721bcd,
week9,linear_probe,week9-m2-linear-f25-seed43,M2,43,25,success,,99bb73629172260c83144f08d794343fead7e59d75b35f568243198fb9dc04f2,
week9,linear_probe,week9-m2-linear-f50-seed17,M2,17,50,success,,1650aea0f8b978f09965a63ac6a1c9372aa2d8a5d35d0d533a244170cb422bde,
week9,linear_probe,week9-m2-linear-f50-seed29,M2,29,50,success,,d377b5de1f3ddda1ddfe542eb47b6e618dddeaf31a2e9d38fc83a4c1a2721bcd,
week9,linear_probe,week9-m2-linear-f50-seed43,M2,43,50,success,,99bb73629172260c83144f08d794343fead7e59d75b35f568243198fb9dc04f2,
week9,linear_probe,week9-m3-linear-f01-seed17,M3,17,01,success,,29c9513932fec237c6e667f43cd6773119bf30e928ff5d24861f5b94cfdaf39e,
week9,linear_probe,week9-m3-linear-f01-seed29,M3,29,01,success,,2fede5c4314fe407dd17c546f7412c586b960258d871a06b7fc9baf5799af0ac,
week9,linear_probe,week9-m3-linear-f01-seed43,M3,43,01,success,,422eaac47816faabf3e4406008e5eaef656c60f8ad7a4c6f2752265d8db92c20,
week9,linear_probe,week9-m3-linear-f05-seed17,M3,17,05,success,,29c9513932fec237c6e667f43cd6773119bf30e928ff5d24861f5b94cfdaf39e,
week9,linear_probe,week9-m3-linear-f05-seed29,M3,29,05,success,,2fede5c4314fe407dd17c546f7412c586b960258d871a06b7fc9baf5799af0ac,
week9,linear_probe,week9-m3-linear-f05-seed43,M3,43,05,success,,422eaac47816faabf3e4406008e5eaef656c60f8ad7a4c6f2752265d8db92c20,
week9,linear_probe,week9-m3-linear-f10-seed17,M3,17,10,success,,29c9513932fec237c6e667f43cd6773119bf30e928ff5d24861f5b94cfdaf39e,
week9,linear_probe,week9-m3-linear-f10-seed29,M3,29,10,success,,2fede5c4314fe407dd17c546f7412c586b960258d871a06b7fc9baf5799af0ac,
week9,linear_probe,week9-m3-linear-f10-seed43,M3,43,10,success,,422eaac47816faabf3e4406008e5eaef656c60f8ad7a4c6f2752265d8db92c20,
week9,linear_probe,week9-m3-linear-f100-seed17,M3,17,100,success,,29c9513932fec237c6e667f43cd6773119bf30e928ff5d24861f5b94cfdaf39e,
week9,linear_probe,week9-m3-linear-f100-seed29,M3,29,100,success,,2fede5c4314fe407dd17c546f7412c586b960258d871a06b7fc9baf5799af0ac,
week9,linear_probe,week9-m3-linear-f100-seed43,M3,43,100,success,,422eaac47816faabf3e4406008e5eaef656c60f8ad7a4c6f2752265d8db92c20,
week9,linear_probe,week9-m3-linear-f25-seed17,M3,17,25,success,,29c9513932fec237c6e667f43cd6773119bf30e928ff5d24861f5b94cfdaf39e,
week9,linear_probe,week9-m3-linear-f25-seed29,M3,29,25,success,,2fede5c4314fe407dd17c546f7412c586b960258d871a06b7fc9baf5799af0ac,
week9,linear_probe,week9-m3-linear-f25-seed43,M3,43,25,success,,422eaac47816faabf3e4406008e5eaef656c60f8ad7a4c6f2752265d8db92c20,
week9,linear_probe,week9-m3-linear-f50-seed17,M3,17,50,success,,29c9513932fec237c6e667f43cd6773119bf30e928ff5d24861f5b94cfdaf39e,
week9,linear_probe,week9-m3-linear-f50-seed29,M3,29,50,success,,2fede5c4314fe407dd17c546f7412c586b960258d871a06b7fc9baf5799af0ac,
week9,linear_probe,week9-m3-linear-f50-seed43,M3,43,50,success,,422eaac47816faabf3e4406008e5eaef656c60f8ad7a4c6f2752265d8db92c20,
week9,linear_probe,week9-m4-linear-f01-seed17,M4,17,01,success,,e62d947976f5ee8efc18d9dcc231c93d9c81c0ef00ff36f284117235613ef478,
week9,linear_probe,week9-m4-linear-f01-seed29,M4,29,01,success,,3abd99ef140bde5e9320aa3112afc43157fb57cde28562b66dba63f709bf39be,
week9,linear_probe,week9-m4-linear-f01-seed43,M4,43,01,success,,6c1e68de14aafeabc93e83e9dc5c2af5043a42f9914e399fbeec993a84a9cf57,
week9,linear_probe,week9-m4-linear-f05-seed17,M4,17,05,success,,e62d947976f5ee8efc18d9dcc231c93d9c81c0ef00ff36f284117235613ef478,
week9,linear_probe,week9-m4-linear-f05-seed29,M4,29,05,success,,3abd99ef140bde5e9320aa3112afc43157fb57cde28562b66dba63f709bf39be,
week9,linear_probe,week9-m4-linear-f05-seed43,M4,43,05,success,,6c1e68de14aafeabc93e83e9dc5c2af5043a42f9914e399fbeec993a84a9cf57,
week9,linear_probe,week9-m4-linear-f10-seed17,M4,17,10,success,,e62d947976f5ee8efc18d9dcc231c93d9c81c0ef00ff36f284117235613ef478,
week9,linear_probe,week9-m4-linear-f10-seed29,M4,29,10,success,,3abd99ef140bde5e9320aa3112afc43157fb57cde28562b66dba63f709bf39be,
week9,linear_probe,week9-m4-linear-f10-seed43,M4,43,10,success,,6c1e68de14aafeabc93e83e9dc5c2af5043a42f9914e399fbeec993a84a9cf57,
week9,linear_probe,week9-m4-linear-f100-seed17,M4,17,100,success,,e62d947976f5ee8efc18d9dcc231c93d9c81c0ef00ff36f284117235613ef478,
week9,linear_probe,week9-m4-linear-f100-seed29,M4,29,100,success,,3abd99ef140bde5e9320aa3112afc43157fb57cde28562b66dba63f709bf39be,
week9,linear_probe,week9-m4-linear-f100-seed43,M4,43,100,success,,6c1e68de14aafeabc93e83e9dc5c2af5043a42f9914e399fbeec993a84a9cf57,
week9,linear_probe,week9-m4-linear-f25-seed17,M4,17,25,success,,e62d947976f5ee8efc18d9dcc231c93d9c81c0ef00ff36f284117235613ef478,
week9,linear_probe,week9-m4-linear-f25-seed29,M4,29,25,success,,3abd99ef140bde5e9320aa3112afc43157fb57cde28562b66dba63f709bf39be,
week9,linear_probe,week9-m4-linear-f25-seed43,M4,43,25,success,,6c1e68de14aafeabc93e83e9dc5c2af5043a42f9914e399fbeec993a84a9cf57,
week9,linear_probe,week9-m4-linear-f50-seed17,M4,17,50,success,,e62d947976f5ee8efc18d9dcc231c93d9c81c0ef00ff36f284117235613ef478,
week9,linear_probe,week9-m4-linear-f50-seed29,M4,29,50,success,,3abd99ef140bde5e9320aa3112afc43157fb57cde28562b66dba63f709bf39be,
week9,linear_probe,week9-m4-linear-f50-seed43,M4,43,50,success,,6c1e68de14aafeabc93e83e9dc5c2af5043a42f9914e399fbeec993a84a9cf57,
week9,representation_diagnostics,week5-m3-f10-seed17,M3,17,,success,,,
week9,representation_diagnostics,week5-m3-f10-seed29,M3,29,,success,,,
week9,representation_diagnostics,week5-m3-f10-seed43,M3,43,,success,,,
week9,representation_diagnostics,week5-m4-f10-seed17,M4,17,,success,,,
week9,representation_diagnostics,week5-m4-f10-seed29,M4,29,,success,,,
week9,representation_diagnostics,week5-m4-f10-seed43,M4,43,,success,,,
